id,product,slug,category,collection,variant,price,price_status,dimensions,specifications,image_paths,source_catalogue,source_page,source_region,verification_status,notes
arcus,ARCUS,arcus,sofas,Sofas,,64000/-,VERIFIED,VERIFIED,NOT_PROVIDED,/images/products/arcus.jpeg,ZEN SOFA SERIES,Various,Various,VERIFIED,
vegas,VEGAS,vegas,sofas,Sofas,,92000/-,VERIFIED,VERIFIED,NOT_PROVIDED,/images/products/vegas.jpeg,ZEN SOFA SERIES,Various,Various,VERIFIED,
lopez,LOPEZ,lopez,sofas,Sofas,,62000/-,VERIFIED,VERIFIED,NOT_PROVIDED,/images/products/lopez.jpeg,ZEN SOFA SERIES,Various,Various,VERIFIED,
flame,FLAME,flame,sofas,Sofas,,82000/-,VERIFIED,VERIFIED,NOT_PROVIDED,/images/products/flame.jpeg,ZEN SOFA SERIES,Various,Various,VERIFIED,
zurich,ZURICH,zurich,sofas,Sofas,,98000/-,VERIFIED,VERIFIED,NOT_PROVIDED,/images/products/zurich.jpeg,ZEN SOFA SERIES,Various,Various,VERIFIED,
new-vogue,NEW VOGUE,new-vogue,sofas,Sofas,,58000/-,VERIFIED,VERIFIED,NOT_PROVIDED,/images/products/new-vogue.jpeg,ZEN SOFA SERIES,Various,Various,VERIFIED,
chester,CHESTER,chester,sofas,Sofas,,65000/-,VERIFIED,VERIFIED,NOT_PROVIDED,/images/products/chester.jpeg,ZEN SOFA SERIES,Various,Various,VERIFIED,
heritage,HERITAGE,heritage,sofas,Sofas,,65000/-,VERIFIED,VERIFIED,NOT_PROVIDED,/images/products/heritage.jpeg,ZEN SOFA SERIES,Various,Various,VERIFIED,
imperial,IMPERIAL,imperial,sofas,Sofas,IMPERIAL,68000/-,VERIFIED,VERIFIED,NOT_PROVIDED,"/images/products/imperial-6-22.jpeg, /images/products/imperial.jpeg, /images/products/imperial-6-20.jpeg, /images/products/imperial-6-21.jpeg",ZEN SOFA SERIES,Various,Various,VERIFIED,
glamour,GLAMOUR,glamour,sofas,Sofas,,65000/-,VERIFIED,VERIFIED,NOT_PROVIDED,/images/products/glamour.jpeg,ZEN SOFA SERIES,Various,Various,VERIFIED,
fortune,FORTUNE,fortune,sofas,Sofas,,56000/-,CONFLICT,VERIFIED,NOT_PROVIDED,/images/products/fortune.jpeg,ZEN SOFA SERIES,Various,Various,VERIFIED,
liberty,LIBERTY,liberty,sofas,Sofas,,98000/-,VERIFIED,VERIFIED,NOT_PROVIDED,/images/products/liberty.jpeg,ZEN SOFA SERIES,Various,Various,VERIFIED,
mapple,MAPPLE,mapple,sofas,Sofas,MAPPLE,54565000/-,CONFLICT,VERIFIED,NOT_PROVIDED,"/images/products/mapple-8-31.jpeg, /images/products/mapple.jpeg",ZEN SOFA SERIES,Various,Various,VERIFIED,
tokyo,TOKYO,tokyo,sofas,Sofas,TOKYO,4541000/-,CONFLICT,VERIFIED,NOT_PROVIDED,"/images/products/tokyo-8-32.jpeg, /images/products/tokyo.jpeg",ZEN SOFA SERIES,Various,Various,VERIFIED,
zara,ZARA,zara,sofas,Sofas,,84000/-,VERIFIED,VERIFIED,NOT_PROVIDED,/images/products/zara-sofa.jpeg,ZEN SOFA SERIES,Various,Various,VERIFIED,
oxy,OXY,oxy,sofas,Sofas,OXY,58000/-,VERIFIED,VERIFIED,NOT_PROVIDED,"/images/products/oxy.jpeg, /images/products/oxy-9-36.jpeg",ZEN SOFA SERIES,Various,Various,VERIFIED,
june,JUNE,june,sofas,Sofas,,53000/-,VERIFIED,VERIFIED,NOT_PROVIDED,/images/products/june.jpeg,ZEN SOFA SERIES,Various,Various,VERIFIED,
spencer,SPENCER,spencer,sofas,Sofas,,98000/-,VERIFIED,VERIFIED,NOT_PROVIDED,/images/products/spencer.jpeg,ZEN SOFA SERIES,Various,Various,VERIFIED,
dream,DREAM,dream,sofas,Sofas,,58000/-,VERIFIED,VERIFIED,NOT_PROVIDED,/images/products/dream.jpeg,ZEN SOFA SERIES,Various,Various,VERIFIED,
meridian,MERIDIAN,meridian,sofas,Sofas,,82000/-,VERIFIED,VERIFIED,NOT_PROVIDED,/images/products/meridian.jpeg,ZEN SOFA SERIES,Various,Various,VERIFIED,
california,CALIFORNIA,california,sofas,Sofas,,52000/-,VERIFIED,VERIFIED,NOT_PROVIDED,/images/products/california.jpeg,ZEN SOFA SERIES,Various,Various,VERIFIED,
saphire,SAPHIRE,saphire,sofas,Sofas,,54500/-,VERIFIED,VERIFIED,NOT_PROVIDED,/images/products/saphire.jpeg,ZEN SOFA SERIES,Various,Various,VERIFIED,
curve,CURVE,curve,sofas,Sofas,,68000/-,VERIFIED,VERIFIED,NOT_PROVIDED,/images/products/curve.jpeg,ZEN SOFA SERIES,Various,Various,VERIFIED,
tiara,TIARA,tiara,sofas,Sofas,,72000/-,CONFLICT,VERIFIED,NOT_PROVIDED,/images/products/tiara.jpeg,ZEN SOFA SERIES,Various,Various,VERIFIED,
florance,FLORANCE,florance,sofas,Sofas,,54000/-,VERIFIED,VERIFIED,NOT_PROVIDED,/images/products/florance.jpeg,ZEN SOFA SERIES,Various,Various,VERIFIED,
montana,MONTANA,montana,sofas,Sofas,,72000/-,VERIFIED,VERIFIED,NOT_PROVIDED,/images/products/montana.jpeg,ZEN SOFA SERIES,Various,Various,VERIFIED,
corbusier,CORBUSIER,corbusier,sofas,Sofas,,63000/-,VERIFIED,VERIFIED,NOT_PROVIDED,/images/products/corbusier.jpeg,ZEN SOFA SERIES,Various,Various,VERIFIED,
barcelona,BARCELONA,barcelona,sofas,Sofas,,74000/-,VERIFIED,VERIFIED,NOT_PROVIDED,/images/products/barcelona.jpeg,ZEN SOFA SERIES,Various,Various,VERIFIED,
kitkat,KITKAT,kitkat,sofas,Sofas,,52000/-,VERIFIED,VERIFIED,NOT_PROVIDED,/images/products/kitkat.jpeg,ZEN SOFA SERIES,Various,Various,VERIFIED,
havoc,HAVOC,havoc,sofas,Sofas,,45500/-,VERIFIED,VERIFIED,NOT_PROVIDED,/images/products/havoc.jpeg,ZEN SOFA SERIES,Various,Various,VERIFIED,
futon,FUTON,futon,sofas,Sofas,,45500/-,VERIFIED,VERIFIED,NOT_PROVIDED,/images/products/futon.jpeg,ZEN SOFA SERIES,Various,Various,VERIFIED,
veronica,VERONICA,veronica,sofas,Sofas,,81000/-,VERIFIED,VERIFIED,NOT_PROVIDED,/images/products/veronica.jpeg,ZEN SOFA SERIES,Various,Various,VERIFIED,
benz,BENZ,benz,sofas,Sofas,,56000/-,VERIFIED,VERIFIED,NOT_PROVIDED,/images/products/benz.jpeg,ZEN SOFA SERIES,Various,Various,VERIFIED,
crystal,CRYSTAL,crystal,sofas,Sofas,,65000/-,VERIFIED,VERIFIED,NOT_PROVIDED,/images/products/crystal.jpeg,ZEN SOFA SERIES,Various,Various,VERIFIED,
nero,NERO,nero,sofas,Sofas,,58000/-,VERIFIED,VERIFIED,NOT_PROVIDED,/images/products/nero.jpeg,ZEN SOFA SERIES,Various,Various,VERIFIED,
aero,AERO,aero,sofas,Sofas,,42000/-,VERIFIED,VERIFIED,NOT_PROVIDED,/images/products/aero.jpeg,ZEN SOFA SERIES,Various,Various,VERIFIED,
freedom,FREEDOM,freedom,executive,Executive,FREEDOM,- 130000/-,VERIFIED,VERIFIED,"[{""key"": ""Feature"", ""value"": ""Black frame chrome aluminium diecast with korean mesh.""}, {""key"": ""Feature"", ""value"": ""Black frame chrome alloy 5D armrest.""}, {""key"": ""Feature"", ""value"": ""50mm Adjustable Lumbar Support.""}, {""key"": ""Feature"", ""value"": ""Wire control with multi position knee tilt syncro along with seat slider.""}, {""key"": ""Feature"", ""value"": ""700mm Aluminium Die cast base with 68mm Nylon Castor.""}]","/images/products/freedom.jpeg, /images/products/freedom-1-99.jpeg",ZEN EXECUTIVE SERIES,Various,Various,VERIFIED,
falcon-elite,FALCON ELITE,falcon-elite,executive,Executive,,: 76000/- | MB : 74500/-,VERIFIED,VERIFIED,NOT_PROVIDED,/images/products/falcon-elite-grey-hb.jpeg,ZEN EXECUTIVE SERIES,Various,Various,VERIFIED,
norway,NORWAY,norway,executive,Executive,NORWAY HB,: 34000/-,VERIFIED,VERIFIED,"[{""key"": ""Feature"", ""value"": ""Glass filled nylon frame with korean mesh in back and seat""}, {""key"": ""Feature"", ""value"": ""3D Adjustable armrest.""}, {""key"": ""Feature"", ""value"": ""Innovation mechanism.""}, {""key"": ""Feature"", ""value"": ""Two position lock, zero pressure seat.""}, {""key"": ""Feature"", ""value"": ""700 mm Nylon base with 60mm castors & class 4 gas lift.""}]","/images/products/norway-hb.jpeg, /images/products/norway-hb-2-106.jpeg",ZEN EXECUTIVE SERIES,Various,Various,VERIFIED,
700mm,700MM,700mm,executive,Executive,700MM,NOT_PROVIDED,NOT_PROVIDED,VERIFIED,NOT_PROVIDED,"/images/products/700mm-25-197.jpeg, /images/products/700mm-25-199.jpeg, /images/products/700mm-26-204.jpeg, /images/products/700mm-21-183.jpeg, /images/products/700mm-23-191.jpeg, /images/products/700mm-9-134.jpeg, /images/products/700mm-10-138.jpeg, /images/products/700mm-10-137.jpeg, /images/products/700mm.jpeg",ZEN EXECUTIVE SERIES,Various,Various,VERIFIED,
rooster,ROOSTER,rooster,executive,Executive,,: 38000/-,VERIFIED,VERIFIED,"[{""key"": ""Feature"", ""value"": ""Glass filled nylon back with korean mesh and 3D headrest.""}, {""key"": ""Feature"", ""value"": ""4D adjustable armrest with PU pad.""}, {""key"": ""Feature"", ""value"": ""Self adjustable lumbar support with Shadow function.""}, {""key"": ""Feature"", ""value"": ""Wire control with multi position knee tilt synchro along with seat slider.""}, {""key"": ""Feature"", ""value"": ""Unleash comfort with an extendable footrest.""}, {""key"": ""Feature"", ""value"": ""700mm Aluminium Die cast base with 60mm nylon castors.""}]",/images/products/rooster-hb-grey.jpeg,ZEN EXECUTIVE SERIES,Various,Various,VERIFIED,
destiny,DESTINY,destiny,executive,Executive,,: 38000/-,VERIFIED,VERIFIED,NOT_PROVIDED,/images/products/destiny-hb-grey.jpeg,ZEN EXECUTIVE SERIES,Various,Various,VERIFIED,
bassel,BASSEL,bassel,executive,Executive,BASSEL WHITE HB,27000/-,VERIFIED,VERIFIED,"[{""key"": ""Feature"", ""value"": ""Glass filled nylon backrest with lumbar support & mesh fabric.""}, {""key"": ""Feature"", ""value"": ""4D Adjustable Armrest with Gel PU pad.""}, {""key"": ""Feature"", ""value"": ""Self weight syncro tilt mechanism with multi position lock & seat slider.""}, {""key"": ""Feature"", ""value"": ""700mm aluminium diecast base with glass filled nylon castors & class 4 Gas lift.""}]","/images/products/bassel-white-hb.jpeg, /images/products/bassel-black-hb.jpeg",ZEN EXECUTIVE SERIES,Various,Various,VERIFIED,
gamma,GAMMA,gamma,executive,Executive,,00/-,VERIFIED,VERIFIED,NOT_PROVIDED,/images/products/gamma.jpeg,ZEN EXECUTIVE SERIES,Various,Various,VERIFIED,
muse,MUSE,muse,executive,Executive,,28500/-,VERIFIED,VERIFIED,"[{""key"": ""Feature"", ""value"": ""Glass filled nylon backrest with lumbar support & mesh fabric.""}, {""key"": ""Feature"", ""value"": ""4D Adjustable Armrest with Gel PU pad.""}, {""key"": ""Feature"", ""value"": ""Self weight syncro tilt mechanism with multi position lock & seat slider.""}, {""key"": ""Feature"", ""value"": ""700mm aluminium diecast base with glass filled nylon castors & class 4 Gas lift.""}]",/images/products/muse-hb.jpeg,ZEN EXECUTIVE SERIES,Various,Various,VERIFIED,
galaxy,GALAXY,galaxy,executive,Executive,,: 23500/- | MB : 22500/-,VERIFIED,VERIFIED,"[{""key"": ""Feature"", ""value"": ""Glass filled nylon backrest with lumbar support & mesh fabric.""}, {""key"": ""Feature"", ""value"": ""6D Adjustable Armrest with Gel PU pad.""}, {""key"": ""Feature"", ""value"": ""Multi lock syncro tilt mechanism with seat slider.""}, {""key"": ""Feature"", ""value"": ""Glass filled nylon base with nylon castors & class 4 Gas lift.""}]",/images/products/galaxy-grey-hb.jpeg,ZEN EXECUTIVE SERIES,Various,Various,VERIFIED,
galaxy-mesh,GALAXY MESH,galaxy-mesh,executive,Executive,,31000/-,VERIFIED,VERIFIED,NOT_PROVIDED,/images/products/galaxy-mesh-hb.jpeg,ZEN EXECUTIVE SERIES,Various,Various,VERIFIED,
zoy,ZOY,zoy,executive,Executive,ZOY WHITE HB,500/-,VERIFIED,VERIFIED,"[{""key"": ""Feature"", ""value"": ""Glass filled nylon backrest with lumbar support & mesh fabric.""}, {""key"": ""Feature"", ""value"": ""4D Adjustable Armrest with Gel PU pad.""}, {""key"": ""Feature"", ""value"": ""Self weight syncro tilt mechanism with multi position lock & seat slider.""}, {""key"": ""Feature"", ""value"": ""700mm aluminium diecast base with glass filled nylon castors &""}]","/images/products/zoy-white-hb.jpeg, /images/products/zoy-black-hb.jpeg",ZEN EXECUTIVE SERIES,Various,Various,VERIFIED,
700mm-aluminium-diecast-base-with-glass-filled-nylon-castors-&,700MM ALUMINIUM DIECAST BASE WITH GLASS FILLED NYLON CASTORS &,700mm-aluminium-diecast-base-with-glass-filled-nylon-castors-&,executive,Executive,,NOT_PROVIDED,NOT_PROVIDED,VERIFIED,NOT_PROVIDED,/images/products/700mm-aluminium-diecast-base-with-glass-filled-nylon-castors.jpeg,ZEN EXECUTIVE SERIES,Various,Various,VERIFIED,
cross,CROSS,cross,executive,Executive,,17500/-,VERIFIED,VERIFIED,NOT_PROVIDED,/images/products/cross-hb.jpeg,ZEN EXECUTIVE SERIES,Various,Various,VERIFIED,
acosta,ACOSTA,acosta,executive,Executive,,20500/-,VERIFIED,VERIFIED,"[{""key"": ""Feature"", ""value"": ""Glass filled nylon back with composite leather on seat &back.""}, {""key"": ""Feature"", ""value"": ""3D adjustable armrest with gel PU pad.""}, {""key"": ""Feature"", ""value"": ""Center tilt syncro with multi position lock.""}, {""key"": ""Feature"", ""value"": ""Lumbar support with extra cushion padding.""}, {""key"": ""Feature"", ""value"": ""700mm nylon base with 60mm nylon castors & class 4 Gas lift.""}]",/images/products/acosta-hb.jpeg,ZEN EXECUTIVE SERIES,Various,Various,VERIFIED,
available-in-:,AVAILABLE IN :,available-in-:,executive,Executive,AVAILABLE IN :,NOT_PROVIDED,NOT_PROVIDED,VERIFIED,NOT_PROVIDED,"/images/products/available-in.jpeg, /images/products/available-in-15-160.jpeg, /images/products/available-in-14-154.jpeg",ZEN EXECUTIVE SERIES,Various,Various,NEEDS_REVIEW,
spark,SPARK,spark,executive,Executive,,: 14500/-,VERIFIED,VERIFIED,NOT_PROVIDED,/images/products/spark-white-hb.jpeg,ZEN EXECUTIVE SERIES,Various,Various,VERIFIED,
perth,PERTH,perth,executive,Executive,,19000/-,VERIFIED,VERIFIED,"[{""key"": ""Feature"", ""value"": ""Glass filled nylon back with fabric on seat &back.""}, {""key"": ""Feature"", ""value"": ""3D adjustable armrest with gel PU pad.""}, {""key"": ""Feature"", ""value"": ""Center tilt syncro with multi position lock.""}, {""key"": ""Feature"", ""value"": ""Lumbar support with extra cushion padding.""}, {""key"": ""Feature"", ""value"": ""700mm nylon base with 60mm nylon castors & class 4 Gas lift.""}]",/images/products/perth-hb.jpeg,ZEN EXECUTIVE SERIES,Various,Various,VERIFIED,
wisdom,WISDOM,wisdom,executive,Executive,,17500/-,VERIFIED,VERIFIED,NOT_PROVIDED,/images/products/wisdom-black-hb.jpeg,ZEN EXECUTIVE SERIES,Various,Various,VERIFIED,
troy,TROY,troy,executive,Executive,,00/-,VERIFIED,VERIFIED,"[{""key"": ""Feature"", ""value"": ""Glass filled nylon backrest with lumbar support & mesh fabric.""}, {""key"": ""Feature"", ""value"": ""4D Adjustable Armrest with Gel PU pad.""}, {""key"": ""Feature"", ""value"": ""Self weight syncro tilt mechanism with multi position lock & seat slider.""}, {""key"": ""Feature"", ""value"": ""700mm aluminium diecast base with glass filled nylon castors & class 4 Gas lift.""}]",/images/products/troy-white-hb.jpeg,ZEN EXECUTIVE SERIES,Various,Various,VERIFIED,
winner,WINNER,winner,executive,Executive,WINNER GREY HB,13750/-,VERIFIED,VERIFIED,"[{""key"": ""Feature"", ""value"": ""Glass filled nylon backrest with adjustable lumbar support.""}, {""key"": ""Feature"", ""value"": ""Cantilever nylon armrest with PU pad with flipping movement.""}, {""key"": ""Feature"", ""value"": ""Centre tilt mechanism with single position locking.""}, {""key"": ""Feature"", ""value"": ""650mm nylon base with 60mm nylon castors & class 4 Gas lift.""}]","/images/products/winner-black-hb.jpeg, /images/products/winner-grey-hb.jpeg",ZEN EXECUTIVE SERIES,Various,Various,VERIFIED,
650mm,650MM,650mm,executive,Executive,650MM,NOT_PROVIDED,NOT_PROVIDED,VERIFIED,NOT_PROVIDED,"/images/products/650mm-16-164.jpeg, /images/products/650mm.jpeg, /images/products/650mm-13-149.jpeg",ZEN EXECUTIVE SERIES,Various,Various,VERIFIED,
ergon-cush,ERGON CUSH,ergon-cush,executive,Executive,,: 10000/- | MB : 9500/-,VERIFIED,VERIFIED,NOT_PROVIDED,/images/products/ergon-cush-white-hb.jpeg,ZEN EXECUTIVE SERIES,Various,Various,VERIFIED,
ergon-mesh,ERGON MESH,ergon-mesh,executive,Executive,ERGON MESH BLACK HB,21500/-,VERIFIED,VERIFIED,"[{""key"": ""Feature"", ""value"": ""Glass filled nylon seat & back with korean mesh.""}, {""key"": ""Feature"", ""value"": ""Fully adjustable backrest, armrest & seat depth.""}, {""key"": ""Feature"", ""value"": ""Adjustable headrest & lumbar support.""}, {""key"": ""Feature"", ""value"": ""Syncro tilt with multi position lock.""}, {""key"": ""Feature"", ""value"": ""700mm Aluminium Diecast base with 60mm nylon castors & class 4 gaslift.""}]","/images/products/ergon-mesh-black-hb.jpeg, /images/products/ergon-mesh-white-hb.jpeg",ZEN EXECUTIVE SERIES,Various,Various,VERIFIED,
ind,IND,ind,executive,Executive,,NOT_PROVIDED,NOT_PROVIDED,VERIFIED,NOT_PROVIDED,/images/products/ind.jpeg,ZEN EXECUTIVE SERIES,Various,Various,NEEDS_REVIEW,
glaze-mesh,GLAZE MESH,glaze-mesh,executive,Executive,,10000/-,VERIFIED,VERIFIED,"[{""key"": ""Feature"", ""value"": ""Glass filled nylon back with mesh and fabric seat.""}, {""key"": ""Feature"", ""value"": ""Fixed PP armrest attached with the back.""}, {""key"": ""Feature"", ""value"": ""Fixed Lumbar support.""}, {""key"": ""Feature"", ""value"": ""Center tilt with single position lock.""}, {""key"": ""Feature"", ""value"": ""650mm nylon base with 60mm nylon castors & class 4 Gas lift.""}]",/images/products/glaze-mesh-hb.jpeg,ZEN EXECUTIVE SERIES,Various,Various,VERIFIED,
glaze-cushion,GLAZE CUSHION,glaze-cushion,executive,Executive,,8500/-,VERIFIED,VERIFIED,NOT_PROVIDED,/images/products/glaze-cushion-hb.jpeg,ZEN EXECUTIVE SERIES,Various,Various,VERIFIED,
hexa,HEXA,hexa,executive,Executive,,13500/-,VERIFIED,VERIFIED,NOT_PROVIDED,/images/products/hexa-hb.jpeg,ZEN EXECUTIVE SERIES,Various,Various,VERIFIED,
deca,DECA,deca,executive,Executive,,12000/-,VERIFIED,VERIFIED,"[{""key"": ""Feature"", ""value"": ""Glass filled Nylon back with Fabric Mesh.""}, {""key"": ""Feature"", ""value"": ""Fixed PP armrest attached with back.""}, {""key"": ""Feature"", ""value"": ""Fix lumbar support.""}, {""key"": ""Feature"", ""value"": ""Center tilt mechanism with single position lock.""}, {""key"": ""Feature"", ""value"": ""650mm nylon base with twin wheel nylon castors & class 4 gas lift.""}]",/images/products/deca-hb.jpeg,ZEN EXECUTIVE SERIES,Various,Various,VERIFIED,
trio,TRIO,trio,executive,Executive,TRIO GREY HB,11500/-,VERIFIED,VERIFIED,"[{""key"": ""Feature"", ""value"": ""Glass filled Nylon back with Fabric Mesh.""}, {""key"": ""Feature"", ""value"": ""Fixed PP armrest.""}, {""key"": ""Feature"", ""value"": ""Fix lumbar support.""}, {""key"": ""Feature"", ""value"": ""Center tilt mechanism with single position lock.""}, {""key"": ""Feature"", ""value"": ""650mm nylon base with twin wheel nylon castors & class 4 gas lift.""}]","/images/products/trio-grey-hb.jpeg, /images/products/trio-black-hb.jpeg",ZEN EXECUTIVE SERIES,Various,Various,VERIFIED,
octa,OCTA,octa,executive,Executive,,: 10500/-,VERIFIED,VERIFIED,"[{""key"": ""Feature"", ""value"": ""Glass filled Nylon back with Fabric Mesh.""}, {""key"": ""Feature"", ""value"": ""Fixed PP armrest attached with back.""}, {""key"": ""Feature"", ""value"": ""Fix lumbar support.""}, {""key"": ""Feature"", ""value"": ""Center tilt mechanism with single position lock.""}, {""key"": ""Feature"", ""value"": ""650mm nylon base with twin wheel nylon castors & class 4 gas lift.""}]",/images/products/octa-hb.jpeg,ZEN EXECUTIVE SERIES,Various,Various,VERIFIED,
karina-dlx,KARINA DLX,karina-dlx,executive,Executive,,00/-,VERIFIED,VERIFIED,NOT_PROVIDED,/images/products/karina-dlx-hb.jpeg,ZEN EXECUTIVE SERIES,Various,Various,VERIFIED,
omega-blk-mesh,OMEGA BLK MESH,omega-blk-mesh,executive,Executive,,: 9000/-,VERIFIED,VERIFIED,NOT_PROVIDED,/images/products/omega-blk-mesh-hb.jpeg,ZEN EXECUTIVE SERIES,Various,Various,VERIFIED,
omega-wht,OMEGA WHT,omega-wht,executive,Executive,,10000/-,VERIFIED,VERIFIED,NOT_PROVIDED,/images/products/omega-wht.jpeg,ZEN EXECUTIVE SERIES,Various,Various,VERIFIED,
atom-dlx,ATOM DLX,atom-dlx,executive,Executive,,: 9500/- | MB : 8200/-,VERIFIED,VERIFIED,NOT_PROVIDED,/images/products/atom-dlx-hb.jpeg,ZEN EXECUTIVE SERIES,Various,Various,VERIFIED,
eon-dlx,EON DLX,eon-dlx,executive,Executive,,: 8900/- | MB : 7900/-,VERIFIED,VERIFIED,NOT_PROVIDED,/images/products/eon-dlx-hb.jpeg,ZEN EXECUTIVE SERIES,Various,Various,VERIFIED,
attitude,ATTITUDE,attitude,executive,Executive,ATTITUDE HB,52000/-,VERIFIED,VERIFIED,"[{""key"": ""Feature"", ""value"": ""Multibend nylon body with moulded cushion, Finest PU on seat & back.""}, {""key"": ""Feature"", ""value"": ""Aluminium die cast Fix armrest with padded cushion.""}, {""key"": ""Feature"", ""value"": ""Extra cushion padding for lumbar support.""}, {""key"": ""Feature"", ""value"": ""Knee tilt syncro with multi position lock.""}, {""key"": ""Feature"", ""value"": ""700mm Aluminium Diecast base & 60mm nylon castors with class 4 Gas lift.""}]","/images/products/attitude-hb.jpeg, /images/products/attitude-hb-20-178.jpeg",ZEN EXECUTIVE SERIES,Various,Various,VERIFIED,
bentley-(leather),BENTLEY (LEATHER),bentley-(leather),executive,Executive,,56000/-,VERIFIED,VERIFIED,NOT_PROVIDED,/images/products/bentley-leather-hb.jpeg,ZEN EXECUTIVE SERIES,Various,Various,VERIFIED,
calvin-leather,CALVIN LEATHER,calvin-leather,executive,Executive,,: 40000/- |MB : 36000/-,VERIFIED,VERIFIED,NOT_PROVIDED,/images/products/calvin-leather-hb.jpeg,ZEN EXECUTIVE SERIES,Various,Various,VERIFIED,
oyster-(leather),OYSTER (LEATHER),oyster-(leather),executive,Executive,,47500/-,VERIFIED,VERIFIED,NOT_PROVIDED,/images/products/oyster-leather-hb.jpeg,ZEN EXECUTIVE SERIES,Various,Various,VERIFIED,
martin,MARTIN,martin,executive,Executive,,76000/-,VERIFIED,VERIFIED,"[{""key"": ""Feature"", ""value"": ""Hand crafted exceptional finest grade leather on seat & back placed on multibend""}, {""key"": ""Feature"", ""value"": ""Aluminum die cast armrest padded with finest leather.""}, {""key"": ""Feature"", ""value"": ""Self In-design lumbar support.""}, {""key"": ""Feature"", ""value"": ""Syncro knee tilt mechanism with multi locking function.""}, {""key"": ""Feature"", ""value"": ""700mm Aluminum Diecast base with Nylon Castor.""}]",/images/products/martin-hb.jpeg,ZEN EXECUTIVE SERIES,Various,Various,VERIFIED,
magnet,MAGNET,magnet,executive,Executive,,61000/-,VERIFIED,VERIFIED,NOT_PROVIDED,/images/products/magnet-hb.jpeg,ZEN EXECUTIVE SERIES,Various,Various,VERIFIED,
marquis,MARQUIS,marquis,executive,Executive,,55000/-,VERIFIED,VERIFIED,"[{""key"": ""Feature"", ""value"": ""Multibend plywood with moulded cushion, Finest composite leather on seat & back.""}, {""key"": ""Feature"", ""value"": ""Fix armrest with padded cushion.""}, {""key"": ""Feature"", ""value"": ""Knee tilt syncro with multi position lock.""}, {""key"": ""Feature"", ""value"": ""Innovative air lumbar support.""}, {""key"": ""Feature"", ""value"": ""700mm Aluminium Diecast base & 60mm nylon castors with class 4 Gas lift.""}]",/images/products/marquis-hb.jpeg,ZEN EXECUTIVE SERIES,Various,Various,VERIFIED,
jaguar,JAGUAR,jaguar,executive,Executive,,58000/-,VERIFIED,VERIFIED,NOT_PROVIDED,/images/products/jaguar-hb.jpeg,ZEN EXECUTIVE SERIES,Various,Various,VERIFIED,
winster,WINSTER,winster,executive,Executive,,85000/-,VERIFIED,VERIFIED,"[{""key"": ""Feature"", ""value"": ""Multibend plywood with down feather cushion, Finest pure leather on seat & back.""}, {""key"": ""Feature"", ""value"": ""Fix armrest with padded cushion.""}, {""key"": ""Feature"", ""value"": ""Knee tilt with multi position lock.""}, {""key"": ""Feature"", ""value"": ""Lumbar support with extra cushion padding.""}, {""key"": ""Feature"", ""value"": ""700mm Wooden base & 60mm nylon castors with class 4 Gas lift.""}]",/images/products/winster-hb.jpeg,ZEN EXECUTIVE SERIES,Various,Various,VERIFIED,
trust,TRUST,trust,executive,Executive,TRUST HB,00/-,VERIFIED,VERIFIED,"[{""key"": ""Feature"", ""value"": ""Multibend plywood with moulded cushion, Finest PU on seat & back.""}, {""key"": ""Feature"", ""value"": ""Fix armrest with padded cushion.""}, {""key"": ""Feature"", ""value"": ""Knee tilt syncro with multi position lock.""}, {""key"": ""Feature"", ""value"": ""Lumbar support with extra cushion padding.""}, {""key"": ""Feature"", ""value"": ""700mm MS chrome base & 60mm nylon castors with class 4 Gas lift.""}]","/images/products/trust-hb-25-200.jpeg, /images/products/trust-hb.jpeg",ZEN EXECUTIVE SERIES,Various,Various,VERIFIED,
legacy,LEGACY,legacy,executive,Executive,,31000/-,VERIFIED,VERIFIED,NOT_PROVIDED,/images/products/legacy-hb.jpeg,ZEN EXECUTIVE SERIES,Various,Various,VERIFIED,
heritage,HERITAGE,heritage,executive,Executive,,114000/-,VERIFIED,VERIFIED,"[{""key"": ""Feature"", ""value"": ""Multibend plywood with soft cushion, Finest pure leather on seat & back.""}, {""key"": ""Feature"", ""value"": ""Fix armrest with padded cushion.""}, {""key"": ""Feature"", ""value"": ""Extra cushion padding for lumbar support.""}, {""key"": ""Feature"", ""value"": ""Knee tilt syncro with multi position lock.""}, {""key"": ""Feature"", ""value"": ""700mm Aluminium Diecast base with Gold coating & 60mm Nylon""}]",/images/products/heritage-hb.jpeg,ZEN EXECUTIVE SERIES,Various,Various,VERIFIED,
700mm-aluminium-diecast-base-with-60mm-nylon-castors,700MM ALUMINIUM DIECAST BASE WITH 60MM NYLON CASTORS,700mm-aluminium-diecast-base-with-60mm-nylon-castors,executive,Executive,,NOT_PROVIDED,NOT_PROVIDED,VERIFIED,NOT_PROVIDED,/images/products/700mm-aluminium-diecast-base-with-60mm-nylon-castors.jpeg,ZEN EXECUTIVE SERIES,Various,Various,VERIFIED,
epson,EPSON,epson,executive,Executive,,32000/-,VERIFIED,VERIFIED,NOT_PROVIDED,/images/products/epson-hb.jpeg,ZEN EXECUTIVE SERIES,Various,Various,VERIFIED,
daisy,DAISY,daisy,executive,Executive,,30500/-,VERIFIED,VERIFIED,"[{""key"": ""Feature"", ""value"": ""Finest composite leather on seat & back.""}, {""key"": ""Feature"", ""value"": ""Aluminum diecast armrest with PU pad.""}, {""key"": ""Feature"", ""value"": ""Knee tilt mechanism with multiposition lock.""}, {""key"": ""Feature"", ""value"": ""700mm Aluminium Diecast base with 60mm nylon castors""}]",/images/products/daisy-hb.jpeg,ZEN EXECUTIVE SERIES,Various,Various,VERIFIED,
stanley,STANLEY,stanley,executive,Executive,STANLEY HB,26500/-,VERIFIED,VERIFIED,NOT_PROVIDED,"/images/products/stanley-hb-28-213.jpeg, /images/products/stanley-hb.jpeg, /images/products/stanley-hb-28-210.jpeg",ZEN EXECUTIVE SERIES,Various,Various,VERIFIED,
maverick,MAVERICK,maverick,executive,Executive,,31000/-,VERIFIED,VERIFIED,"[{""key"": ""Feature"", ""value"": ""Multibend plywood with soft cushion, composite leather on seat & back.""}, {""key"": ""Feature"", ""value"": ""Fix armrest with padded cushion.""}, {""key"": ""Feature"", ""value"": ""Knee tilt with three position lock.""}, {""key"": ""Feature"", ""value"": ""700MM Metal base & 60MM nylon castors with class 4 Gas lift.""}]",/images/products/maverick-hb.jpeg,ZEN EXECUTIVE SERIES,Various,Various,VERIFIED,
700mm-aluminium-diecast-base-with-60mm-nylon,700MM ALUMINIUM DIECAST BASE WITH 60MM NYLON,700mm-aluminium-diecast-base-with-60mm-nylon,executive,Executive,,NOT_PROVIDED,NOT_PROVIDED,VERIFIED,NOT_PROVIDED,/images/products/700mm-aluminium-diecast-base-with-60mm-nylon.jpeg,ZEN EXECUTIVE SERIES,Various,Various,VERIFIED,
&-class-4-gas-lift.,& CLASS 4 GAS LIFT.,&-class-4-gas-lift.,executive,Executive,& CLASS 4 GAS LIFT.,NOT_PROVIDED,NOT_PROVIDED,VERIFIED,NOT_PROVIDED,"/images/products/class-4-gas-lift.jpeg, /images/products/class-4-gas-lift-32-233.jpeg",ZEN EXECUTIVE SERIES,Various,Various,VERIFIED,
boss-(brown),BOSS (BROWN),boss-(brown),executive,Executive,,30500/-,VERIFIED,VERIFIED,NOT_PROVIDED,/images/products/boss-brown-hb.jpeg,ZEN EXECUTIVE SERIES,Various,Various,VERIFIED,
austin,AUSTIN,austin,executive,Executive,,31000/-,VERIFIED,VERIFIED,NOT_PROVIDED,/images/products/austin-hb.jpeg,ZEN EXECUTIVE SERIES,Various,Various,VERIFIED,
dacota,DACOTA,dacota,executive,Executive,,28500/-,VERIFIED,VERIFIED,"[{""key"": ""Feature"", ""value"": ""Finest composite leather on seat & back.""}, {""key"": ""Feature"", ""value"": ""Teakwood frame with High density Cushion.""}, {""key"": ""Feature"", ""value"": ""Knee tilt with multiposition lock.""}, {""key"": ""Feature"", ""value"": ""700mm Aluminium Diecast base with 60mm nylon castors""}]",/images/products/dacota-hb.jpeg,ZEN EXECUTIVE SERIES,Various,Various,VERIFIED,
oxford,OXFORD,oxford,executive,Executive,,24000/-,VERIFIED,VERIFIED,NOT_PROVIDED,/images/products/oxford-hb.jpeg,ZEN EXECUTIVE SERIES,Various,Various,VERIFIED,
aluminium,ALUMINIUM,aluminium,executive,Executive,,NOT_PROVIDED,NOT_PROVIDED,VERIFIED,NOT_PROVIDED,/images/products/aluminium.jpeg,ZEN EXECUTIVE SERIES,Various,Various,VERIFIED,
virgo,VIRGO,virgo,executive,Executive,VIRGO HB,: 18500/-,VERIFIED,VERIFIED,NOT_PROVIDED,"/images/products/virgo-hb-31-226.jpeg, /images/products/virgo-hb.jpeg",ZEN EXECUTIVE SERIES,Various,Various,VERIFIED,
duster-cushion,DUSTER CUSHION,duster-cushion,executive,Executive,DUSTER CUSHION HB,37500/-,VERIFIED,VERIFIED,"[{""key"": ""Feature"", ""value"": ""Glass filled nylon back along with headrest & PU cushion back.""}, {""key"": ""Feature"", ""value"": ""Syncro dynamic mechanism with auto body weight adjustment.""}, {""key"": ""Feature"", ""value"": ""Cantilever alumnium Diecast armrest with PU pad.""}, {""key"": ""Feature"", ""value"": ""700mm Aluminium Diecast base with 60mm nylon castors & class 4 gaslift.""}]","/images/products/duster-cushion-hb-31-229.jpeg, /images/products/duster-cushion-hb.jpeg",ZEN EXECUTIVE SERIES,Various,Various,VERIFIED,
lucy,LUCY,lucy,executive,Executive,,17000/-,VERIFIED,VERIFIED,NOT_PROVIDED,/images/products/lucy-hb.jpeg,ZEN EXECUTIVE SERIES,Various,Various,VERIFIED,
venice,VENICE,venice,executive,Executive,,17000/-,VERIFIED,VERIFIED,"[{""key"": ""Feature"", ""value"": ""Finest composite leather on seat & back.""}, {""key"": ""Feature"", ""value"": ""Teakwood frame with High density Cushion.""}, {""key"": ""Feature"", ""value"": ""Center tilt with multiposition lock.""}, {""key"": ""Feature"", ""value"": ""700mm Aluminium Diecast base with 60mm nylon castors""}]",/images/products/venice-hb.jpeg,ZEN EXECUTIVE SERIES,Various,Various,VERIFIED,
sleek,SLEEK,sleek,executive,Executive,,13000/-,VERIFIED,VERIFIED,NOT_PROVIDED,/images/products/sleek-hb.jpeg,ZEN EXECUTIVE SERIES,Various,Various,VERIFIED,
elite-sleek,ELITE SLEEK,elite-sleek,executive,Executive,,23500/-,VERIFIED,VERIFIED,"[{""key"": ""Feature"", ""value"": ""Finest composite leather on seat & back.""}, {""key"": ""Feature"", ""value"": ""Chrome finished armrest.""}, {""key"": ""Feature"", ""value"": ""Torsion bar knee tilt with single position lock.""}, {""key"": ""Feature"", ""value"": ""650mm Aluminium Diecast base with 60mm nylon castors""}]",/images/products/elite-sleek-hb.jpeg,ZEN EXECUTIVE SERIES,Various,Various,VERIFIED,
colour-:,COLOUR :,colour-:,executive,Executive,,NOT_PROVIDED,NOT_PROVIDED,VERIFIED,NOT_PROVIDED,/images/products/colour.jpeg,ZEN EXECUTIVE SERIES,Various,Various,NEEDS_REVIEW,
xm-018,XM 018,xm-018,tables-and-stands,Table & Stands,Region C,62000/-,VERIFIED,NOT_PROVIDED,NOT_PROVIDED,/images/products/xm-018.png,ZEN TABLE & STAND SERIES,Various,Various,VERIFIED,
the-leaf,THE LEAF,the-leaf,tables-and-stands,Table & Stands,,120000/-,VERIFIED,VERIFIED,NOT_PROVIDED,/images/products/the-leaf.png,ZEN TABLE & STAND SERIES,Various,Various,VERIFIED,
mini-leaf,MINI LEAF,mini-leaf,tables-and-stands,Table & Stands,,72000/-,VERIFIED,NOT_PROVIDED,NOT_PROVIDED,/images/products/mini-leaf.png,ZEN TABLE & STAND SERIES,Various,Various,VERIFIED,
bn-40,BN-40,bn-40,tables-and-stands,Table & Stands,,50000/-,VERIFIED,NOT_PROVIDED,NOT_PROVIDED,/images/products/bn-40.png,ZEN TABLE & STAND SERIES,Various,Various,VERIFIED,
wt-300,WT 300,wt-300,tables-and-stands,Table & Stands,Region D,104000/-,VERIFIED,VERIFIED,NOT_PROVIDED,/images/products/wt-300.png,ZEN TABLE & STAND SERIES,Various,Various,VERIFIED,
fd-402,FD 402,fd-402,tables-and-stands,Table & Stands,Region C,70000/-,VERIFIED,VERIFIED,NOT_PROVIDED,/images/products/fd-402.png,ZEN TABLE & STAND SERIES,Various,Various,VERIFIED,
bht-103,BHT 103,bht-103,tables-and-stands,Table & Stands,Region G,70000/-,VERIFIED,VERIFIED,NOT_PROVIDED,/images/products/bht-103.png,ZEN TABLE & STAND SERIES,Various,Various,VERIFIED,
fyx-402,FYX 402,fyx-402,tables-and-stands,Table & Stands,Region H,54000/-,VERIFIED,VERIFIED,NOT_PROVIDED,/images/products/fyx-402.png,ZEN TABLE & STAND SERIES,Various,Various,VERIFIED,
2306,2306,2306,tables-and-stands,Table & Stands,,75000/-,VERIFIED,VERIFIED,NOT_PROVIDED,/images/products/2306.png,ZEN TABLE & STAND SERIES,Various,Various,VERIFIED,
cj1135ab,CJ1135AB,cj1135ab,tables-and-stands,Table & Stands,Region C,84000/-,VERIFIED,NOT_PROVIDED,NOT_PROVIDED,/images/products/cj1135ab.png,ZEN TABLE & STAND SERIES,Various,Various,VERIFIED,
2301,2301,2301,tables-and-stands,Table & Stands,,68000/-,VERIFIED,VERIFIED,NOT_PROVIDED,/images/products/2301.png,ZEN TABLE & STAND SERIES,Various,Various,VERIFIED,
t05,T05,t05,tables-and-stands,Table & Stands,,41000/-,VERIFIED,VERIFIED,NOT_PROVIDED,/images/products/t05.png,ZEN TABLE & STAND SERIES,Various,Various,VERIFIED,
2343,2343,2343,tables-and-stands,Table & Stands,,68000/-,VERIFIED,VERIFIED,NOT_PROVIDED,/images/products/2343.png,ZEN TABLE & STAND SERIES,Various,Various,VERIFIED,
2304,2304,2304,tables-and-stands,Table & Stands,,68000/-,VERIFIED,VERIFIED,NOT_PROVIDED,/images/products/2304.png,ZEN TABLE & STAND SERIES,Various,Various,VERIFIED,
2323,2323,2323,tables-and-stands,Table & Stands,,44500/-,VERIFIED,VERIFIED,NOT_PROVIDED,/images/products/2323.png,ZEN TABLE & STAND SERIES,Various,Various,VERIFIED,
2410,2410,2410,tables-and-stands,Table & Stands,,48000/-,VERIFIED,VERIFIED,NOT_PROVIDED,/images/products/2410.png,ZEN TABLE & STAND SERIES,Various,Various,VERIFIED,
8513,8513,8513,tables-and-stands,Table & Stands,,62000/-,VERIFIED,NOT_PROVIDED,NOT_PROVIDED,/images/products/8513.png,ZEN TABLE & STAND SERIES,Various,Various,VERIFIED,
1300*700*330-&-500*400*440,1300*700*330 & 500*400*440,1300*700*330-&-500*400*440,tables-and-stands,Table & Stands,,95000/-,VERIFIED,NOT_PROVIDED,NOT_PROVIDED,/images/products/1300*700*330-&-500*400*440.png,ZEN TABLE & STAND SERIES,Various,Various,VERIFIED,
801,801,801,tables-and-stands,Table & Stands,,38000/-,VERIFIED,VERIFIED,NOT_PROVIDED,/images/products/801.png,ZEN TABLE & STAND SERIES,Various,Various,VERIFIED,
t07,T07,t07,tables-and-stands,Table & Stands,,36000/-,VERIFIED,NOT_PROVIDED,NOT_PROVIDED,/images/products/t07.png,ZEN TABLE & STAND SERIES,Various,Various,VERIFIED,
yb-257,YB 257,yb-257,tables-and-stands,Table & Stands,,78000/-,VERIFIED,VERIFIED,NOT_PROVIDED,/images/products/yb-257.png,ZEN TABLE & STAND SERIES,Various,Various,VERIFIED,
yb-2530,YB 2530,yb-2530,tables-and-stands,Table & Stands,,68000/-,VERIFIED,VERIFIED,NOT_PROVIDED,/images/products/yb-2530.png,ZEN TABLE & STAND SERIES,Various,Various,VERIFIED,
cj-791-c-&-d-(set-of-2-only),CJ 791 C & D (Set of 2 only),cj-791-c-&-d-(set-of-2-only),tables-and-stands,Table & Stands,,105000/-,VERIFIED,VERIFIED,NOT_PROVIDED,/images/products/cj-791-c-&-d-(set-of-2-only).png,ZEN TABLE & STAND SERIES,Various,Various,VERIFIED,
cj-943-a-&-b,CJ 943 A & B,cj-943-a-&-b,tables-and-stands,Table & Stands,,135000/-,VERIFIED,VERIFIED,NOT_PROVIDED,/images/products/cj-943-a-&-b.png,ZEN TABLE & STAND SERIES,Various,Various,VERIFIED,
f33#,F33#,f33#,tables-and-stands,Table & Stands,,60000/-,VERIFIED,VERIFIED,NOT_PROVIDED,/images/products/f33#.png,ZEN TABLE & STAND SERIES,Various,Various,VERIFIED,
540*510,540*510,540*510,tables-and-stands,Table & Stands,,NOT_PROVIDED,NOT_PROVIDED,NOT_PROVIDED,NOT_PROVIDED,/images/products/540*510.png,ZEN TABLE & STAND SERIES,Various,Various,NEEDS_REVIEW,
v13-set,V13 SET,v13-set,tables-and-stands,Table & Stands,,31000/-,VERIFIED,VERIFIED,NOT_PROVIDED,/images/products/v13-set.png,ZEN TABLE & STAND SERIES,Various,Various,VERIFIED,
f17,F17,f17,tables-and-stands,Table & Stands,,49000/-,VERIFIED,NOT_PROVIDED,NOT_PROVIDED,/images/products/f17.png,ZEN TABLE & STAND SERIES,Various,Various,VERIFIED,
f38,F38,f38,tables-and-stands,Table & Stands,,60000/-,VERIFIED,VERIFIED,NOT_PROVIDED,/images/products/f38.png,ZEN TABLE & STAND SERIES,Various,Various,VERIFIED,
bn-09,BN 09,bn-09,tables-and-stands,Table & Stands,,56000/-,VERIFIED,VERIFIED,NOT_PROVIDED,/images/products/bn-09.png,ZEN TABLE & STAND SERIES,Various,Various,VERIFIED,
r-09,R 09,r-09,tables-and-stands,Table & Stands,,62000/-,VERIFIED,VERIFIED,NOT_PROVIDED,/images/products/r-09.png,ZEN TABLE & STAND SERIES,Various,Various,VERIFIED,
803,803,803,tables-and-stands,Table & Stands,,40000/-,VERIFIED,VERIFIED,NOT_PROVIDED,/images/products/803.png,ZEN TABLE & STAND SERIES,Various,Various,VERIFIED,
y22,Y22,y22,tables-and-stands,Table & Stands,,40000/-,VERIFIED,NOT_PROVIDED,NOT_PROVIDED,/images/products/y22.png,ZEN TABLE & STAND SERIES,Various,Various,VERIFIED,
yb-247,YB 247,yb-247,tables-and-stands,Table & Stands,,75000/-,VERIFIED,VERIFIED,NOT_PROVIDED,/images/products/yb-247.png,ZEN TABLE & STAND SERIES,Various,Various,VERIFIED,
yb-241,YB 241,yb-241,tables-and-stands,Table & Stands,,68000/-,VERIFIED,VERIFIED,NOT_PROVIDED,/images/products/yb-241.png,ZEN TABLE & STAND SERIES,Various,Various,VERIFIED,
211,211,211,tables-and-stands,Table & Stands,,58000/-,VERIFIED,NOT_PROVIDED,NOT_PROVIDED,/images/products/211.png,ZEN TABLE & STAND SERIES,Various,Various,VERIFIED,
950,950,950,tables-and-stands,Table & Stands,,65000/-,VERIFIED,NOT_PROVIDED,NOT_PROVIDED,/images/products/950.png,ZEN TABLE & STAND SERIES,Various,Various,VERIFIED,
sc-185,SC 185,sc-185,tables-and-stands,Table & Stands,,60000/-,VERIFIED,VERIFIED,NOT_PROVIDED,/images/products/sc-185.png,ZEN TABLE & STAND SERIES,Various,Various,VERIFIED,
sc178,Sc178,sc178,tables-and-stands,Table & Stands,,42000/-,VERIFIED,VERIFIED,NOT_PROVIDED,/images/products/sc178.png,ZEN TABLE & STAND SERIES,Various,Various,VERIFIED,
016,016,016,tables-and-stands,Table & Stands,,70000/-,VERIFIED,VERIFIED,NOT_PROVIDED,/images/products/016.png,ZEN TABLE & STAND SERIES,Various,Various,VERIFIED,
058,058,058,tables-and-stands,Table & Stands,,44000/-,VERIFIED,VERIFIED,NOT_PROVIDED,/images/products/058.png,ZEN TABLE & STAND SERIES,Various,Various,VERIFIED,
009,009,009,tables-and-stands,Table & Stands,Region E,44000/-,VERIFIED,VERIFIED,NOT_PROVIDED,/images/products/009.png,ZEN TABLE & STAND SERIES,Various,Various,VERIFIED,
812-&-812b-set,812 & 812B SET,812-&-812b-set,tables-and-stands,Table & Stands,,32000/-,VERIFIED,VERIFIED,NOT_PROVIDED,/images/products/812-&-812b-set.png,ZEN TABLE & STAND SERIES,Various,Various,VERIFIED,
m122,M122,m122,tables-and-stands,Table & Stands,,36000/-,VERIFIED,VERIFIED,NOT_PROVIDED,/images/products/m122.png,ZEN TABLE & STAND SERIES,Various,Various,VERIFIED,
y07,Y07,y07,tables-and-stands,Table & Stands,,42000/-,VERIFIED,VERIFIED,NOT_PROVIDED,/images/products/y07.png,ZEN TABLE & STAND SERIES,Various,Various,VERIFIED,
sc036,Sc036,sc036,tables-and-stands,Table & Stands,,37000/-,VERIFIED,VERIFIED,NOT_PROVIDED,/images/products/sc036.png,ZEN TABLE & STAND SERIES,Various,Various,VERIFIED,
815-set,815 SET,815-set,tables-and-stands,Table & Stands,,52000/-,VERIFIED,VERIFIED,NOT_PROVIDED,/images/products/815-set.png,ZEN TABLE & STAND SERIES,Various,Various,VERIFIED,
sc-024,SC 024,sc-024,tables-and-stands,Table & Stands,,28000/-,VERIFIED,VERIFIED,NOT_PROVIDED,/images/products/sc-024.png,ZEN TABLE & STAND SERIES,Various,Various,VERIFIED,
t02,T02,t02,tables-and-stands,Table & Stands,,39000/-,VERIFIED,VERIFIED,NOT_PROVIDED,/images/products/t02.png,ZEN TABLE & STAND SERIES,Various,Various,VERIFIED,
q10,Q10,q10,tables-and-stands,Table & Stands,,46000/-,VERIFIED,VERIFIED,NOT_PROVIDED,/images/products/q10.png,ZEN TABLE & STAND SERIES,Various,Various,VERIFIED,
266,266,266,tables-and-stands,Table & Stands,,74000/-,VERIFIED,VERIFIED,NOT_PROVIDED,/images/products/266.png,ZEN TABLE & STAND SERIES,Various,Various,VERIFIED,
2498,2498,2498,tables-and-stands,Table & Stands,,42000/-,VERIFIED,VERIFIED,NOT_PROVIDED,/images/products/2498.png,ZEN TABLE & STAND SERIES,Various,Various,VERIFIED,
2485,2485,2485,tables-and-stands,Table & Stands,,38000/-,VERIFIED,VERIFIED,NOT_PROVIDED,/images/products/2485.png,ZEN TABLE & STAND SERIES,Various,Various,VERIFIED,
yb-265,YB 265,yb-265,tables-and-stands,Table & Stands,,42000/-,VERIFIED,VERIFIED,NOT_PROVIDED,/images/products/yb-265.png,ZEN TABLE & STAND SERIES,Various,Various,VERIFIED,
v01set,V01SET,v01set,tables-and-stands,Table & Stands,,17500/-,VERIFIED,VERIFIED,NOT_PROVIDED,/images/products/v01set.png,ZEN TABLE & STAND SERIES,Various,Various,VERIFIED,
2313,2313,2313,tables-and-stands,Table & Stands,,38000/-,VERIFIED,VERIFIED,NOT_PROVIDED,/images/products/2313.png,ZEN TABLE & STAND SERIES,Various,Various,VERIFIED,
v08-set,V08 SET,v08-set,tables-and-stands,Table & Stands,,21000/-,VERIFIED,VERIFIED,NOT_PROVIDED,/images/products/v08-set.png,ZEN TABLE & STAND SERIES,Various,Various,VERIFIED,
cj-787-set,CJ 787 SET,cj-787-set,tables-and-stands,Table & Stands,,88000/-,VERIFIED,VERIFIED,NOT_PROVIDED,/images/products/cj-787-set.png,ZEN TABLE & STAND SERIES,Various,Various,VERIFIED,
2429,2429,2429,tables-and-stands,Table & Stands,,42000/-,VERIFIED,VERIFIED,NOT_PROVIDED,/images/products/2429.png,ZEN TABLE & STAND SERIES,Various,Various,VERIFIED,
817,817,817,tables-and-stands,Table & Stands,,32000/-,VERIFIED,VERIFIED,NOT_PROVIDED,/images/products/817.png,ZEN TABLE & STAND SERIES,Various,Various,VERIFIED,
sc130,Sc130,sc130,tables-and-stands,Table & Stands,,38000/-,VERIFIED,VERIFIED,NOT_PROVIDED,/images/products/sc130.png,ZEN TABLE & STAND SERIES,Various,Various,VERIFIED,
ct-826,CT 826,ct-826,tables-and-stands,Table & Stands,,38000/-,VERIFIED,VERIFIED,NOT_PROVIDED,/images/products/ct-826.png,ZEN TABLE & STAND SERIES,Various,Various,VERIFIED,
ct50,Ct50,ct50,tables-and-stands,Table & Stands,,16000/-,VERIFIED,VERIFIED,NOT_PROVIDED,/images/products/ct50.png,ZEN TABLE & STAND SERIES,Various,Various,VERIFIED,
2589,2589,2589,tables-and-stands,Table & Stands,,33000/-,VERIFIED,VERIFIED,NOT_PROVIDED,/images/products/2589.png,ZEN TABLE & STAND SERIES,Various,Various,VERIFIED,
shs-set---38000/-,SHS SET - 38000/-,shs-set---38000/-,tables-and-stands,Table & Stands,,NOT_PROVIDED,NOT_PROVIDED,NOT_PROVIDED,NOT_PROVIDED,/images/products/shs-set---38000/-.png,ZEN TABLE & STAND SERIES,Various,Various,NEEDS_REVIEW,
305,305,305,tables-and-stands,Table & Stands,,9500/-,VERIFIED,VERIFIED,NOT_PROVIDED,/images/products/305.png,ZEN TABLE & STAND SERIES,Various,Various,VERIFIED,
shs-(big-table-only),SHS (BIG TABLE ONLY),shs-(big-table-only),tables-and-stands,Table & Stands,,22000/-,VERIFIED,NOT_PROVIDED,NOT_PROVIDED,/images/products/shs-(big-table-only).png,ZEN TABLE & STAND SERIES,Various,Various,VERIFIED,
072,072,072,tables-and-stands,Table & Stands,,18500/-,VERIFIED,VERIFIED,NOT_PROVIDED,/images/products/072.png,ZEN TABLE & STAND SERIES,Various,Various,VERIFIED,
041-three-floors,041 THREE FLOORS,041-three-floors,tables-and-stands,Table & Stands,,29000/-,VERIFIED,VERIFIED,NOT_PROVIDED,/images/products/041-three-floors.png,ZEN TABLE & STAND SERIES,Various,Various,VERIFIED,
cj-138c,CJ 138C,cj-138c,tables-and-stands,Table & Stands,,26000/-,VERIFIED,VERIFIED,NOT_PROVIDED,/images/products/cj-138c.png,ZEN TABLE & STAND SERIES,Various,Various,VERIFIED,
cj-1083b,CJ 1083B,cj-1083b,tables-and-stands,Table & Stands,,13000/-,VERIFIED,VERIFIED,NOT_PROVIDED,/images/products/cj-1083b.png,ZEN TABLE & STAND SERIES,Various,Various,VERIFIED,
bn-09-(only-corner),BN 09 (ONLY CORNER),bn-09-(only-corner),tables-and-stands,Table & Stands,,17000/-,VERIFIED,NOT_PROVIDED,NOT_PROVIDED,/images/products/bn-09-(only-corner).png,ZEN TABLE & STAND SERIES,Various,Various,VERIFIED,
b1035,B1035,b1035,tables-and-stands,Table & Stands,,14000/-,VERIFIED,NOT_PROVIDED,NOT_PROVIDED,/images/products/b1035.png,ZEN TABLE & STAND SERIES,Various,Various,VERIFIED,
bn-28,BN 28,bn-28,tables-and-stands,Table & Stands,,14000/-,VERIFIED,NOT_PROVIDED,NOT_PROVIDED,/images/products/bn-28.png,ZEN TABLE & STAND SERIES,Various,Various,VERIFIED,
b1037-copper,B1037 COPPER,b1037-copper,tables-and-stands,Table & Stands,,12000/-,VERIFIED,NOT_PROVIDED,NOT_PROVIDED,/images/products/b1037-copper.png,ZEN TABLE & STAND SERIES,Various,Various,VERIFIED,
k60,K60,k60,tables-and-stands,Table & Stands,,13000/-,VERIFIED,NOT_PROVIDED,NOT_PROVIDED,/images/products/k60.png,ZEN TABLE & STAND SERIES,Various,Various,VERIFIED,
b-1033,B 1033,b-1033,tables-and-stands,Table & Stands,,13000/-,VERIFIED,VERIFIED,NOT_PROVIDED,/images/products/b-1033.png,ZEN TABLE & STAND SERIES,Various,Various,VERIFIED,
sl-069,SL 069,sl-069,tables-and-stands,Table & Stands,,23000/-,VERIFIED,VERIFIED,NOT_PROVIDED,/images/products/sl-069.png,ZEN TABLE & STAND SERIES,Various,Various,VERIFIED,
922b,922B,922b,tables-and-stands,Table & Stands,,14500/-,VERIFIED,VERIFIED,NOT_PROVIDED,/images/products/922b.png,ZEN TABLE & STAND SERIES,Various,Various,VERIFIED,
012,012,012,tables-and-stands,Table & Stands,,14000/-,VERIFIED,VERIFIED,NOT_PROVIDED,/images/products/012.png,ZEN TABLE & STAND SERIES,Various,Various,VERIFIED,
sl-036,SL 036,sl-036,tables-and-stands,Table & Stands,,15500/-,VERIFIED,VERIFIED,NOT_PROVIDED,/images/products/sl-036.png,ZEN TABLE & STAND SERIES,Various,Various,VERIFIED,
sl-019,SL 019,sl-019,tables-and-stands,Table & Stands,,14500/-,VERIFIED,VERIFIED,NOT_PROVIDED,/images/products/sl-019.png,ZEN TABLE & STAND SERIES,Various,Various,VERIFIED,
c21,C21,c21,tables-and-stands,Table & Stands,,18500/-,VERIFIED,NOT_PROVIDED,NOT_PROVIDED,/images/products/c21.png,ZEN TABLE & STAND SERIES,Various,Various,VERIFIED,
sl-023,SL 023,sl-023,tables-and-stands,Table & Stands,,16000/-,VERIFIED,VERIFIED,NOT_PROVIDED,/images/products/sl-023.png,ZEN TABLE & STAND SERIES,Various,Various,VERIFIED,
sl-046,SL 046,sl-046,tables-and-stands,Table & Stands,,14500/-,VERIFIED,VERIFIED,NOT_PROVIDED,/images/products/sl-046.png,ZEN TABLE & STAND SERIES,Various,Various,VERIFIED,
sl-041,SL 041,sl-041,tables-and-stands,Table & Stands,,23000/-,VERIFIED,VERIFIED,NOT_PROVIDED,/images/products/sl-041.png,ZEN TABLE & STAND SERIES,Various,Various,VERIFIED,
cj-1118b,CJ 1118B,cj-1118b,tables-and-stands,Table & Stands,Region F,18500/-,VERIFIED,VERIFIED,NOT_PROVIDED,/images/products/cj-1118b.png,ZEN TABLE & STAND SERIES,Various,Various,VERIFIED,
cj-1035b,CJ 1035B,cj-1035b,tables-and-stands,Table & Stands,,18500/-,VERIFIED,VERIFIED,NOT_PROVIDED,/images/products/cj-1035b.png,ZEN TABLE & STAND SERIES,Various,Various,VERIFIED,
cj-809b,CJ 809B,cj-809b,tables-and-stands,Table & Stands,,18500/-,VERIFIED,VERIFIED,NOT_PROVIDED,/images/products/cj-809b.png,ZEN TABLE & STAND SERIES,Various,Various,VERIFIED,
2580,2580,2580,tables-and-stands,Table & Stands,,14000/-,VERIFIED,VERIFIED,NOT_PROVIDED,/images/products/2580.png,ZEN TABLE & STAND SERIES,Various,Various,VERIFIED,
v13-side-table,V13 SIDE TABLE,v13-side-table,tables-and-stands,Table & Stands,,14000/-,VERIFIED,VERIFIED,NOT_PROVIDED,/images/products/v13-side-table.png,ZEN TABLE & STAND SERIES,Various,Various,VERIFIED,
2608,2608,2608,tables-and-stands,Table & Stands,,18000/-,VERIFIED,VERIFIED,NOT_PROVIDED,/images/products/2608.png,ZEN TABLE & STAND SERIES,Various,Various,VERIFIED,
b1026,B1026,b1026,tables-and-stands,Table & Stands,,16500/-,VERIFIED,VERIFIED,NOT_PROVIDED,/images/products/b1026.png,ZEN TABLE & STAND SERIES,Various,Various,VERIFIED,
b1034-gold,B1034 GOLD,b1034-gold,tables-and-stands,Table & Stands,,16000/-,VERIFIED,VERIFIED,NOT_PROVIDED,/images/products/b1034-gold.png,ZEN TABLE & STAND SERIES,Various,Various,VERIFIED,
gt-01,GT 01,gt-01,tables-and-stands,Table & Stands,,15000/-,VERIFIED,VERIFIED,NOT_PROVIDED,/images/products/gt-01.png,ZEN TABLE & STAND SERIES,Various,Various,VERIFIED,
ct-015,CT 015,ct-015,tables-and-stands,Table & Stands,,11500/-,VERIFIED,VERIFIED,NOT_PROVIDED,/images/products/ct-015.png,ZEN TABLE & STAND SERIES,Various,Various,VERIFIED,
e07,E07,e07,tables-and-stands,Table & Stands,,11500/-,VERIFIED,VERIFIED,NOT_PROVIDED,/images/products/e07.png,ZEN TABLE & STAND SERIES,Various,Various,VERIFIED,
ct-036,CT 036,ct-036,tables-and-stands,Table & Stands,,12000/-,VERIFIED,VERIFIED,NOT_PROVIDED,/images/products/ct-036.png,ZEN TABLE & STAND SERIES,Various,Various,VERIFIED,
817b,817B,817b,tables-and-stands,Table & Stands,,17500/-,VERIFIED,VERIFIED,NOT_PROVIDED,/images/products/817b.png,ZEN TABLE & STAND SERIES,Various,Various,VERIFIED,
021,021,021,tables-and-stands,Table & Stands,,16000/-,VERIFIED,VERIFIED,NOT_PROVIDED,/images/products/021.png,ZEN TABLE & STAND SERIES,Various,Various,VERIFIED,
sl-011,SL 011,sl-011,tables-and-stands,Table & Stands,,19000/-,VERIFIED,VERIFIED,NOT_PROVIDED,/images/products/sl-011.png,ZEN TABLE & STAND SERIES,Various,Various,VERIFIED,
k30,K30,k30,tables-and-stands,Table & Stands,,5000/-,VERIFIED,VERIFIED,NOT_PROVIDED,/images/products/k30.png,ZEN TABLE & STAND SERIES,Various,Various,VERIFIED,
299s-1,299S-1,299s-1,tables-and-stands,Table & Stands,,6600/-,VERIFIED,VERIFIED,NOT_PROVIDED,/images/products/299s-1.png,ZEN TABLE & STAND SERIES,Various,Various,VERIFIED,
k31,K31,k31,tables-and-stands,Table & Stands,,5000/-,VERIFIED,VERIFIED,NOT_PROVIDED,/images/products/k31.png,ZEN TABLE & STAND SERIES,Various,Various,VERIFIED,
sc114,Sc114,sc114,tables-and-stands,Table & Stands,,15000/-,VERIFIED,VERIFIED,NOT_PROVIDED,/images/products/sc114.png,ZEN TABLE & STAND SERIES,Various,Various,VERIFIED,
sc075,Sc075,sc075,tables-and-stands,Table & Stands,,22000/- | 17500/-,VERIFIED,VERIFIED,NOT_PROVIDED,/images/products/sc075.png,ZEN TABLE & STAND SERIES,Various,Various,VERIFIED,
sc110,Sc110,sc110,tables-and-stands,Table & Stands,,15000/-,VERIFIED,VERIFIED,NOT_PROVIDED,/images/products/sc110.png,ZEN TABLE & STAND SERIES,Various,Various,VERIFIED,
905b,905B,905b,tables-and-stands,Table & Stands,,14000/-,VERIFIED,VERIFIED,NOT_PROVIDED,/images/products/905b.png,ZEN TABLE & STAND SERIES,Various,Various,VERIFIED,
k12,K12,k12,tables-and-stands,Table & Stands,,11000/-,VERIFIED,VERIFIED,NOT_PROVIDED,/images/products/k12.png,ZEN TABLE & STAND SERIES,Various,Various,VERIFIED,
903b,903B,903b,tables-and-stands,Table & Stands,,16500/-,VERIFIED,VERIFIED,NOT_PROVIDED,/images/products/903b.png,ZEN TABLE & STAND SERIES,Various,Various,VERIFIED,
ah99,Ah99,ah99,tables-and-stands,Table & Stands,,9000/-,VERIFIED,VERIFIED,NOT_PROVIDED,/images/products/ah99.png,ZEN TABLE & STAND SERIES,Various,Various,VERIFIED,
t59,T59,t59,tables-and-stands,Table & Stands,,12000/-,VERIFIED,VERIFIED,NOT_PROVIDED,/images/products/t59.png,ZEN TABLE & STAND SERIES,Various,Various,VERIFIED,
p--19,P -19,p--19,tables-and-stands,Table & Stands,,9000/-,VERIFIED,NOT_PROVIDED,NOT_PROVIDED,/images/products/p--19.png,ZEN TABLE & STAND SERIES,Various,Various,VERIFIED,
z-230,Z 230,z-230,tables-and-stands,Table & Stands,,7800/-,VERIFIED,VERIFIED,NOT_PROVIDED,/images/products/z-230.png,ZEN TABLE & STAND SERIES,Various,Various,VERIFIED,
z-293,Z 293,z-293,tables-and-stands,Table & Stands,,9000/-,VERIFIED,VERIFIED,NOT_PROVIDED,/images/products/z-293.png,ZEN TABLE & STAND SERIES,Various,Various,VERIFIED,
322,322,322,tables-and-stands,Table & Stands,,5800/-,VERIFIED,VERIFIED,NOT_PROVIDED,/images/products/322.png,ZEN TABLE & STAND SERIES,Various,Various,VERIFIED,
1703,1703,1703,tables-and-stands,Table & Stands,,14000/- | 12000/-,VERIFIED,VERIFIED,NOT_PROVIDED,/images/products/1703.png,ZEN TABLE & STAND SERIES,Various,Various,VERIFIED,
4star,4Star,4star,tables-and-stands,Table & Stands,,8000/-,VERIFIED,VERIFIED,NOT_PROVIDED,/images/products/4star.png,ZEN TABLE & STAND SERIES,Various,Various,VERIFIED,
605s,605S,605s,tables-and-stands,Table & Stands,,16000/-,VERIFIED,VERIFIED,NOT_PROVIDED,/images/products/605s.png,ZEN TABLE & STAND SERIES,Various,Various,VERIFIED,
gemini,Gemini,gemini,tables-and-stands,Table & Stands,,18000/- | 15000/-,VERIFIED,VERIFIED,NOT_PROVIDED,/images/products/gemini.png,ZEN TABLE & STAND SERIES,Various,Various,VERIFIED,
4012,4012,4012,tables-and-stands,Table & Stands,,12000/-,VERIFIED,VERIFIED,NOT_PROVIDED,/images/products/4012.png,ZEN TABLE & STAND SERIES,Various,Various,VERIFIED,
sl-068,SL 068,sl-068,tables-and-stands,Table & Stands,,12000/-,VERIFIED,VERIFIED,NOT_PROVIDED,/images/products/sl-068.png,ZEN TABLE & STAND SERIES,Various,Various,VERIFIED,
st-057,ST 057,st-057,tables-and-stands,Table & Stands,,47000/-,VERIFIED,VERIFIED,NOT_PROVIDED,/images/products/st-057.png,ZEN TABLE & STAND SERIES,Various,Various,VERIFIED,
st-059,ST 059,st-059,tables-and-stands,Table & Stands,,52000/-,VERIFIED,VERIFIED,NOT_PROVIDED,/images/products/st-059.png,ZEN TABLE & STAND SERIES,Various,Various,VERIFIED,
st-046,ST 046,st-046,tables-and-stands,Table & Stands,,49000/-,VERIFIED,VERIFIED,NOT_PROVIDED,/images/products/st-046.png,ZEN TABLE & STAND SERIES,Various,Various,VERIFIED,
st-029,ST 029,st-029,tables-and-stands,Table & Stands,,45000/-,VERIFIED,VERIFIED,NOT_PROVIDED,/images/products/st-029.png,ZEN TABLE & STAND SERIES,Various,Various,VERIFIED,
st-018,ST 018,st-018,tables-and-stands,Table & Stands,,49000/-,VERIFIED,VERIFIED,NOT_PROVIDED,/images/products/st-018.png,ZEN TABLE & STAND SERIES,Various,Various,VERIFIED,
st-52,ST 52,st-52,tables-and-stands,Table & Stands,,NOT_PROVIDED,NOT_PROVIDED,VERIFIED,NOT_PROVIDED,/images/products/st-52.png,ZEN TABLE & STAND SERIES,Various,Various,NEEDS_REVIEW,
st-006,ST 006,st-006,tables-and-stands,Table & Stands,,49000/-,VERIFIED,VERIFIED,NOT_PROVIDED,/images/products/st-006.png,ZEN TABLE & STAND SERIES,Various,Various,VERIFIED,
sth-4101,STH 4101,sth-4101,tables-and-stands,Table & Stands,,51000/-,VERIFIED,VERIFIED,NOT_PROVIDED,/images/products/sth-4101.png,ZEN TABLE & STAND SERIES,Various,Various,VERIFIED,
sd-103-|-900ø-x-750-h,SD 103 | 900Ø X 750 h,sd-103-|-900ø-x-750-h,tables-and-stands,Table & Stands,,23000/- | 23000/-,VERIFIED,VERIFIED,NOT_PROVIDED,/images/products/sd-103-|-900ø-x-750-h.png,ZEN TABLE & STAND SERIES,Various,Various,VERIFIED,
sd-083,SD 083,sd-083,tables-and-stands,Table & Stands,,50000/-,VERIFIED,VERIFIED,NOT_PROVIDED,/images/products/sd-083.png,ZEN TABLE & STAND SERIES,Various,Various,VERIFIED,
sd-152,SD 152,sd-152,tables-and-stands,Table & Stands,,23000/-,VERIFIED,VERIFIED,NOT_PROVIDED,/images/products/sd-152.png,ZEN TABLE & STAND SERIES,Various,Various,VERIFIED,
z-232-|-900-ø-740-h,Z 232 | 900 Ø 740 h,z-232-|-900-ø-740-h,tables-and-stands,Table & Stands,,14000/-,VERIFIED,VERIFIED,NOT_PROVIDED,/images/products/z-232-|-900-ø-740-h.png,ZEN TABLE & STAND SERIES,Various,Various,VERIFIED,
750-ø-x-750-h,750 Ø X 750 h,750-ø-x-750-h,tables-and-stands,Table & Stands,,NOT_PROVIDED,NOT_PROVIDED,NOT_PROVIDED,NOT_PROVIDED,/images/products/750-ø-x-750-h.png,ZEN TABLE & STAND SERIES,Various,Various,NEEDS_REVIEW,
ct8,Ct8,ct8,tables-and-stands,Table & Stands,,14000/-,VERIFIED,VERIFIED,NOT_PROVIDED,/images/products/ct8.png,ZEN TABLE & STAND SERIES,Various,Various,VERIFIED,
all-season-800ø-x-750-h,All Season 800Ø X 750 h,all-season-800ø-x-750-h,tables-and-stands,Table & Stands,,13500/-,VERIFIED,VERIFIED,NOT_PROVIDED,/images/products/all-season-800ø-x-750-h.png,ZEN TABLE & STAND SERIES,Various,Various,VERIFIED,
z-231,Z 231,z-231,tables-and-stands,Table & Stands,,10000/-,VERIFIED,VERIFIED,NOT_PROVIDED,/images/products/z-231.png,ZEN TABLE & STAND SERIES,Various,Various,VERIFIED,
t18,T18,t18,tables-and-stands,Table & Stands,,NOT_PROVIDED,NOT_PROVIDED,VERIFIED,NOT_PROVIDED,/images/products/t18.png,ZEN TABLE & STAND SERIES,Various,Various,NEEDS_REVIEW,
milano,Milano,milano,tables-and-stands,Table & Stands,,13000/-,VERIFIED,VERIFIED,NOT_PROVIDED,/images/products/milano.png,ZEN TABLE & STAND SERIES,Various,Various,VERIFIED,
z-207,Z 207,z-207,tables-and-stands,Table & Stands,,15000/- | 12500/-,VERIFIED,VERIFIED,NOT_PROVIDED,/images/products/z-207.png,ZEN TABLE & STAND SERIES,Various,Various,VERIFIED,
milano-glass-round,Milano Glass Round,milano-glass-round,tables-and-stands,Table & Stands,,12500/-,VERIFIED,VERIFIED,NOT_PROVIDED,/images/products/milano-glass-round.png,ZEN TABLE & STAND SERIES,Various,Various,VERIFIED,
t-19,T-19,t-19,tables-and-stands,Table & Stands,,17000/-,VERIFIED,VERIFIED,NOT_PROVIDED,/images/products/t-19.png,ZEN TABLE & STAND SERIES,Various,Various,VERIFIED,
bar-table,BAR TABLE,bar-table,tables-and-stands,Table & Stands,,12000/- | 13500/-,VERIFIED,VERIFIED,NOT_PROVIDED,/images/products/bar-table.png,ZEN TABLE & STAND SERIES,Various,Various,VERIFIED,
z-218,Z 218,z-218,tables-and-stands,Table & Stands,,12000/-,VERIFIED,VERIFIED,NOT_PROVIDED,/images/products/z-218.png,ZEN TABLE & STAND SERIES,Various,Various,VERIFIED,
a-m,A-M,a-m,tables-and-stands,Table & Stands,,26000/-,VERIFIED,VERIFIED,NOT_PROVIDED,/images/products/a-m.png,ZEN TABLE & STAND SERIES,Various,Various,VERIFIED,
n-m,N-M,n-m,tables-and-stands,Table & Stands,,NOT_PROVIDED,NOT_PROVIDED,VERIFIED,NOT_PROVIDED,/images/products/n-m.png,ZEN TABLE & STAND SERIES,Various,Various,NEEDS_REVIEW,
z267,Z267,z267,tables-and-stands,Table & Stands,,14500/-,VERIFIED,VERIFIED,NOT_PROVIDED,/images/products/z267.png,ZEN TABLE & STAND SERIES,Various,Various,VERIFIED,
bar-table-stand,Bar Table Stand,bar-table-stand,tables-and-stands,Table & Stands,,8000/-,VERIFIED,VERIFIED,NOT_PROVIDED,/images/products/bar-table-stand.png,ZEN TABLE & STAND SERIES,Various,Various,VERIFIED,
square-stand,Square Stand,square-stand,tables-and-stands,Table & Stands,,6600/-,VERIFIED,VERIFIED,NOT_PROVIDED,/images/products/square-stand.png,ZEN TABLE & STAND SERIES,Various,Various,VERIFIED,
round,Round,round,tables-and-stands,Table & Stands,,14000/-,VERIFIED,VERIFIED,NOT_PROVIDED,/images/products/round.png,ZEN TABLE & STAND SERIES,Various,Various,VERIFIED,
e55a,E55A,e55a,tables-and-stands,Table & Stands,,8200/-,VERIFIED,VERIFIED,NOT_PROVIDED,/images/products/e55a.png,ZEN TABLE & STAND SERIES,Various,Various,VERIFIED,
z210-frame,Z210 FRAME,z210-frame,tables-and-stands,Table & Stands,,6600/-,VERIFIED,NOT_PROVIDED,NOT_PROVIDED,/images/products/z210-frame.png,ZEN TABLE & STAND SERIES,Various,Various,VERIFIED,
bl-056-5,BL-056-5,bl-056-5,tables-and-stands,Table & Stands,,6900/-,VERIFIED,NOT_PROVIDED,NOT_PROVIDED,/images/products/bl-056-5.png,ZEN TABLE & STAND SERIES,Various,Various,VERIFIED,
e55a-black,E55A Black,e55a-black,tables-and-stands,Table & Stands,,6250/-,VERIFIED,NOT_PROVIDED,NOT_PROVIDED,/images/products/e55a-black.png,ZEN TABLE & STAND SERIES,Various,Various,VERIFIED,
z-232-ss-gold,Z 232 SS GOLD,z-232-ss-gold,tables-and-stands,Table & Stands,,10500/-,VERIFIED,VERIFIED,NOT_PROVIDED,/images/products/z-232-ss-gold.png,ZEN TABLE & STAND SERIES,Various,Various,VERIFIED,
t-2016,T-2016,t-2016,tables-and-stands,Table & Stands,,8000/-,VERIFIED,VERIFIED,NOT_PROVIDED,/images/products/t-2016.png,ZEN TABLE & STAND SERIES,Various,Various,VERIFIED,
z6-(f),Z6 (F),z6-(f),tables-and-stands,Table & Stands,,8500/-,VERIFIED,VERIFIED,NOT_PROVIDED,/images/products/z6-(f).png,ZEN TABLE & STAND SERIES,Various,Various,VERIFIED,
z16-(f),Z16 (F),z16-(f),tables-and-stands,Table & Stands,,11000/-,VERIFIED,VERIFIED,NOT_PROVIDED,/images/products/z16-(f).png,ZEN TABLE & STAND SERIES,Various,Various,VERIFIED,
413,413,413,tables-and-stands,Table & Stands,,8500/-,VERIFIED,VERIFIED,NOT_PROVIDED,/images/products/413.png,ZEN TABLE & STAND SERIES,Various,Various,VERIFIED,
"z232-(black,-white)","Z232 (Black, White)","z232-(black,-white)",tables-and-stands,Table & Stands,,6000/-,VERIFIED,VERIFIED,NOT_PROVIDED,"/images/products/z232-(black,-white).png",ZEN TABLE & STAND SERIES,Various,Various,VERIFIED,
height-adjustable-(with-top),Height Adjustable (with Top),height-adjustable-(with-top),tables-and-stands,Table & Stands,,NOT_PROVIDED,NOT_PROVIDED,VERIFIED,NOT_PROVIDED,/images/products/height-adjustable-(with-top).png,ZEN TABLE & STAND SERIES,Various,Various,NEEDS_REVIEW,
height-adjustable-(only-frame),Height Adjustable (Only Frame),height-adjustable-(only-frame),tables-and-stands,Table & Stands,,15000/-,VERIFIED,NOT_PROVIDED,NOT_PROVIDED,/images/products/height-adjustable-(only-frame).png,ZEN TABLE & STAND SERIES,Various,Various,VERIFIED,
e94,E94,e94,tables-and-stands,Table & Stands,,2800/-,VERIFIED,VERIFIED,NOT_PROVIDED,/images/products/e94.png,ZEN TABLE & STAND SERIES,Various,Various,VERIFIED,
e98,E98,e98,tables-and-stands,Table & Stands,,4000/-,VERIFIED,VERIFIED,NOT_PROVIDED,/images/products/e98.png,ZEN TABLE & STAND SERIES,Various,Various,VERIFIED,
e95,E95,e95,tables-and-stands,Table & Stands,,3000/-,VERIFIED,VERIFIED,NOT_PROVIDED,/images/products/e95.png,ZEN TABLE & STAND SERIES,Various,Various,VERIFIED,
rectangle,Rectangle,rectangle,tables-and-stands,Table & Stands,,12000/-,VERIFIED,VERIFIED,NOT_PROVIDED,/images/products/rectangle.png,ZEN TABLE & STAND SERIES,Various,Various,VERIFIED,
1200-x-700-x-720-h,1200 X 700 X 720 h,1200-x-700-x-720-h,tables-and-stands,Table & Stands,,13000/-,VERIFIED,NOT_PROVIDED,NOT_PROVIDED,/images/products/1200-x-700-x-720-h.png,ZEN TABLE & STAND SERIES,Various,Various,VERIFIED,
jd-104-(f),JD 104 (F),jd-104-(f),tables-and-stands,Table & Stands,,13500/-,VERIFIED,VERIFIED,NOT_PROVIDED,/images/products/jd-104-(f).png,ZEN TABLE & STAND SERIES,Various,Various,VERIFIED,
h13-folding-table-stand,H13 FOLDING TABLE STAND,h13-folding-table-stand,tables-and-stands,Table & Stands,,18000/-,VERIFIED,NOT_PROVIDED,NOT_PROVIDED,/images/products/h13-folding-table-stand.png,ZEN TABLE & STAND SERIES,Various,Various,VERIFIED,
heavy-black-flat-square,Heavy black Flat Square,heavy-black-flat-square,tables-and-stands,Table & Stands,,5200/-,VERIFIED,VERIFIED,NOT_PROVIDED,/images/products/heavy-black-flat-square.png,ZEN TABLE & STAND SERIES,Various,Various,VERIFIED,
heavy-black-flat-round,Heavy Black Flat Round,heavy-black-flat-round,tables-and-stands,Table & Stands,,4100/- | 5200/-,VERIFIED,VERIFIED,NOT_PROVIDED,/images/products/heavy-black-flat-round.png,ZEN TABLE & STAND SERIES,Various,Various,VERIFIED,
heavy-black-flat-rectangle,Heavy Black Flat Rectangle,heavy-black-flat-rectangle,tables-and-stands,Table & Stands,,6500/-,VERIFIED,VERIFIED,NOT_PROVIDED,/images/products/heavy-black-flat-rectangle.png,ZEN TABLE & STAND SERIES,Various,Various,VERIFIED,
h-47,H 47,h-47,tables-and-stands,Table & Stands,,17000/- | 17500/-,VERIFIED,VERIFIED,NOT_PROVIDED,/images/products/h-47.png,ZEN TABLE & STAND SERIES,Various,Various,VERIFIED,
zd01,Zd01,zd01,tables-and-stands,Table & Stands,,13500/- | 15500/-,VERIFIED,VERIFIED,NOT_PROVIDED,/images/products/zd01.png,ZEN TABLE & STAND SERIES,Various,Various,VERIFIED,
bl-056---3,BL 056 - 3,bl-056---3,tables-and-stands,Table & Stands,,17000/-,VERIFIED,VERIFIED,NOT_PROVIDED,/images/products/bl-056---3.png,ZEN TABLE & STAND SERIES,Various,Various,VERIFIED,
frame-:-z207-|-z208,FRAME : Z207 | Z208,frame-:-z207-|-z208,tables-and-stands,Table & Stands,,9000/-,VERIFIED,VERIFIED,NOT_PROVIDED,/images/products/frame-:-z207-|-z208.png,ZEN TABLE & STAND SERIES,Various,Various,NEEDS_REVIEW,
bl-001,BL 001,bl-001,tables-and-stands,Table & Stands,,12000/- | 14000/-,VERIFIED,VERIFIED,NOT_PROVIDED,/images/products/bl-001.png,ZEN TABLE & STAND SERIES,Various,Various,VERIFIED,
bl-056---1,BL 056 - 1,bl-056---1,tables-and-stands,Table & Stands,,11500/-,VERIFIED,VERIFIED,NOT_PROVIDED,/images/products/bl-056---1.png,ZEN TABLE & STAND SERIES,Various,Various,VERIFIED,
double-motor,DOUBLE MOTOR,double-motor,tables-and-stands,Table & Stands,,NOT_PROVIDED,NOT_PROVIDED,NOT_PROVIDED,NOT_PROVIDED,/images/products/double-motor.png,ZEN TABLE & STAND SERIES,Various,Various,NEEDS_REVIEW,
lifting-desk,LIFTING DESK,lifting-desk,tables-and-stands,Table & Stands,,23000/-,VERIFIED,VERIFIED,NOT_PROVIDED,/images/products/lifting-desk.png,ZEN TABLE & STAND SERIES,Various,Various,VERIFIED,
my-chair-my-pride,MY CHAIR MY PRIDE,my-chair-my-pride,tables-and-stands,Table & Stands,,NOT_PROVIDED,NOT_PROVIDED,NOT_PROVIDED,NOT_PROVIDED,/images/products/my-chair-my-pride.png,ZEN TABLE & STAND SERIES,Various,Various,NEEDS_REVIEW,
albert,Albert,albert,puffy,Puffy,Standard,VERIFIED (Source),VERIFIED,VERIFIED,NOT_PROVIDED,/images/products/albert.png,ZEN PUFFY SERIES,Visually Verified,Visually Verified,VERIFIED,
libra,Libra,libra,puffy,Puffy,Standard,VERIFIED (Source),VERIFIED,VERIFIED,NOT_PROVIDED,/images/products/libra.png,ZEN PUFFY SERIES,Visually Verified,Visually Verified,VERIFIED,
torry,Torry,torry,puffy,Puffy,Standard,VERIFIED (Source),VERIFIED,VERIFIED,NOT_PROVIDED,/images/products/torry.png,ZEN PUFFY SERIES,Visually Verified,Visually Verified,VERIFIED,
kenzi,Kenzi,kenzi,puffy,Puffy,Standard,VERIFIED (Source),VERIFIED,VERIFIED,NOT_PROVIDED,/images/products/kenzi.png,ZEN PUFFY SERIES,Visually Verified,Visually Verified,VERIFIED,
vitro,Vitro,vitro,puffy,Puffy,Standard,VERIFIED (Source),VERIFIED,VERIFIED,NOT_PROVIDED,/images/products/vitro.png,ZEN PUFFY SERIES,Visually Verified,Visually Verified,VERIFIED,
eva,Eva,eva,puffy,Puffy,Standard,VERIFIED (Source),VERIFIED,VERIFIED,NOT_PROVIDED,/images/products/eva.png,ZEN PUFFY SERIES,Visually Verified,Visually Verified,VERIFIED,
gold,Gold,gold,puffy,Puffy,Standard,VERIFIED (Source),VERIFIED,VERIFIED,NOT_PROVIDED,/images/products/gold.png,ZEN PUFFY SERIES,Visually Verified,Visually Verified,VERIFIED,
reno,Reno,reno,puffy,Puffy,Standard,VERIFIED (Source),VERIFIED,VERIFIED,NOT_PROVIDED,/images/products/reno.png,ZEN PUFFY SERIES,Visually Verified,Visually Verified,VERIFIED,
opal,Opal,opal,puffy,Puffy,Standard,VERIFIED (Source),VERIFIED,VERIFIED,NOT_PROVIDED,/images/products/opal.png,ZEN PUFFY SERIES,Visually Verified,Visually Verified,VERIFIED,
astro,Astro,astro,puffy,Puffy,Standard,VERIFIED (Source),VERIFIED,VERIFIED,NOT_PROVIDED,/images/products/astro.png,ZEN PUFFY SERIES,Visually Verified,Visually Verified,VERIFIED,
dior,Dior,dior,puffy,Puffy,Standard,VERIFIED (Source),VERIFIED,VERIFIED,NOT_PROVIDED,/images/products/dior.png,ZEN PUFFY SERIES,Visually Verified,Visually Verified,VERIFIED,
flow,Flow,flow,puffy,Puffy,Standard,VERIFIED (Source),VERIFIED,VERIFIED,NOT_PROVIDED,/images/products/flow.png,ZEN PUFFY SERIES,Visually Verified,Visually Verified,VERIFIED,
merry,Merry,merry,puffy,Puffy,Standard,VERIFIED (Source),VERIFIED,VERIFIED,NOT_PROVIDED,/images/products/merry.png,ZEN PUFFY SERIES,Visually Verified,Visually Verified,VERIFIED,
moon,Moon,moon,puffy,Puffy,Standard,VERIFIED (Source),VERIFIED,VERIFIED,NOT_PROVIDED,/images/products/moon.png,ZEN PUFFY SERIES,Visually Verified,Visually Verified,VERIFIED,
capsule,Capsule,capsule,puffy,Puffy,Standard,VERIFIED (Source),VERIFIED,VERIFIED,NOT_PROVIDED,/images/products/capsule.png,ZEN PUFFY SERIES,Visually Verified,Visually Verified,VERIFIED,
mushroom,Mushroom,mushroom,puffy,Puffy,Standard,VERIFIED (Source),VERIFIED,VERIFIED,NOT_PROVIDED,/images/products/mushroom.png,ZEN PUFFY SERIES,Visually Verified,Visually Verified,VERIFIED,
vibe,Vibe,vibe,puffy,Puffy,Standard,VERIFIED (Source),VERIFIED,VERIFIED,NOT_PROVIDED,/images/products/vibe.png,ZEN PUFFY SERIES,Visually Verified,Visually Verified,VERIFIED,
snug,Snug,snug,puffy,Puffy,Standard,VERIFIED (Source),VERIFIED,VERIFIED,NOT_PROVIDED,/images/products/snug.png,ZEN PUFFY SERIES,Visually Verified,Visually Verified,VERIFIED,
lume,Lume,lume,puffy,Puffy,Standard,VERIFIED (Source),VERIFIED,VERIFIED,NOT_PROVIDED,/images/products/lume.png,ZEN PUFFY SERIES,Visually Verified,Visually Verified,VERIFIED,
bloomington,Bloomington,bloomington,puffy,Puffy,Standard,VERIFIED (Source),VERIFIED,VERIFIED,NOT_PROVIDED,/images/products/bloomington.png,ZEN PUFFY SERIES,Visually Verified,Visually Verified,VERIFIED,
bolt,Bolt,bolt,puffy,Puffy,Standard,VERIFIED (Source),VERIFIED,VERIFIED,NOT_PROVIDED,/images/products/bolt.png,ZEN PUFFY SERIES,Visually Verified,Visually Verified,VERIFIED,
hush,Hush,hush,puffy,Puffy,Standard,VERIFIED (Source),VERIFIED,VERIFIED,NOT_PROVIDED,/images/products/hush.png,ZEN PUFFY SERIES,Visually Verified,Visually Verified,VERIFIED,
drift,Drift,drift,puffy,Puffy,Standard,VERIFIED (Source),VERIFIED,VERIFIED,NOT_PROVIDED,/images/products/drift.png,ZEN PUFFY SERIES,Visually Verified,Visually Verified,VERIFIED,
zoya,Zoya,zoya,puffy,Puffy,Standard,VERIFIED (Source),VERIFIED,VERIFIED,NOT_PROVIDED,/images/products/zoya.png,ZEN PUFFY SERIES,Visually Verified,Visually Verified,VERIFIED,
majesty,Majesty,majesty,puffy,Puffy,Standard,VERIFIED (Source),VERIFIED,VERIFIED,NOT_PROVIDED,/images/products/majesty.png,ZEN PUFFY SERIES,Visually Verified,Visually Verified,VERIFIED,
louis,Louis,louis,puffy,Puffy,Standard,VERIFIED (Source),VERIFIED,VERIFIED,NOT_PROVIDED,/images/products/louis.png,ZEN PUFFY SERIES,Visually Verified,Visually Verified,VERIFIED,
drum,Drum,drum,puffy,Puffy,Standard,VERIFIED (Source),VERIFIED,VERIFIED,NOT_PROVIDED,/images/products/drum.png,ZEN PUFFY SERIES,Visually Verified,Visually Verified,VERIFIED,
novel,Novel,novel,puffy,Puffy,Standard,VERIFIED (Source),VERIFIED,VERIFIED,NOT_PROVIDED,/images/products/novel.png,ZEN PUFFY SERIES,Visually Verified,Visually Verified,VERIFIED,
quartz,Quartz,quartz,prince,Prince,Standard,VERIFIED (Source),VERIFIED,VERIFIED,NOT_PROVIDED,/images/products/quartz.png,ZEN PRINCE SERIES,Visually Verified,Visually Verified,VERIFIED,
paradox,Paradox,paradox,prince,Prince,Standard,VERIFIED (Source),VERIFIED,VERIFIED,NOT_PROVIDED,/images/products/paradox.png,ZEN PRINCE SERIES,Visually Verified,Visually Verified,VERIFIED,
ferrari,Ferrari,ferrari,prince,Prince,Standard,VERIFIED (Source),VERIFIED,VERIFIED,NOT_PROVIDED,/images/products/ferrari.png,ZEN PRINCE SERIES,Visually Verified,Visually Verified,VERIFIED,
valour,Valour,valour,prince,Prince,Standard,VERIFIED (Source),VERIFIED,VERIFIED,NOT_PROVIDED,/images/products/valour.png,ZEN PRINCE SERIES,Visually Verified,Visually Verified,VERIFIED,
soho,Soho,soho,prince,Prince,Standard,VERIFIED (Source),VERIFIED,VERIFIED,NOT_PROVIDED,/images/products/soho.png,ZEN PRINCE SERIES,Visually Verified,Visually Verified,VERIFIED,
tiago,Tiago,tiago,prince,Prince,Standard,VERIFIED (Source),VERIFIED,VERIFIED,NOT_PROVIDED,/images/products/tiago.png,ZEN PRINCE SERIES,Visually Verified,Visually Verified,VERIFIED,
allure,Allure,allure,prince,Prince,Standard,VERIFIED (Source),VERIFIED,VERIFIED,NOT_PROVIDED,/images/products/allure.png,ZEN PRINCE SERIES,Visually Verified,Visually Verified,VERIFIED,
pebble,Pebble,pebble,prince,Prince,Standard,VERIFIED (Source),VERIFIED,VERIFIED,NOT_PROVIDED,/images/products/pebble.png,ZEN PRINCE SERIES,Visually Verified,Visually Verified,VERIFIED,
crafty,Crafty,crafty,prince,Prince,Standard,VERIFIED (Source),VERIFIED,VERIFIED,NOT_PROVIDED,/images/products/crafty.png,ZEN PRINCE SERIES,Visually Verified,Visually Verified,VERIFIED,
marina,Marina,marina,prince,Prince,Standard,VERIFIED (Source),VERIFIED,VERIFIED,NOT_PROVIDED,/images/products/marina.png,ZEN PRINCE SERIES,Visually Verified,Visually Verified,VERIFIED,
osaka,Osaka,osaka,prince,Prince,Standard,VERIFIED (Source),VERIFIED,VERIFIED,NOT_PROVIDED,/images/products/osaka.png,ZEN PRINCE SERIES,Visually Verified,Visually Verified,VERIFIED,
azzura,Azzura,azzura,prince,Prince,Standard,VERIFIED (Source),VERIFIED,VERIFIED,NOT_PROVIDED,/images/products/azzura.png,ZEN PRINCE SERIES,Visually Verified,Visually Verified,VERIFIED,
cassina,Cassina,cassina,prince,Prince,Standard,VERIFIED (Source),VERIFIED,VERIFIED,NOT_PROVIDED,/images/products/cassina.png,ZEN PRINCE SERIES,Visually Verified,Visually Verified,VERIFIED,
meraki,Meraki,meraki,prince,Prince,Standard,VERIFIED (Source),VERIFIED,VERIFIED,NOT_PROVIDED,/images/products/meraki.png,ZEN PRINCE SERIES,Visually Verified,Visually Verified,VERIFIED,
scorpio,Scorpio,scorpio,prince,Prince,Standard,VERIFIED (Source),VERIFIED,VERIFIED,NOT_PROVIDED,/images/products/scorpio.png,ZEN PRINCE SERIES,Visually Verified,Visually Verified,VERIFIED,
tiesto,Tiesto,tiesto,prince,Prince,Standard,VERIFIED (Source),VERIFIED,VERIFIED,NOT_PROVIDED,/images/products/tiesto.png,ZEN PRINCE SERIES,Visually Verified,Visually Verified,VERIFIED,
avita,Avita,avita,prince,Prince,Standard,VERIFIED (Source),VERIFIED,VERIFIED,NOT_PROVIDED,/images/products/avita.png,ZEN PRINCE SERIES,Visually Verified,Visually Verified,VERIFIED,
june,June,june,prince,Prince,Standard,VERIFIED (Source),VERIFIED,VERIFIED,NOT_PROVIDED,/images/products/june.png,ZEN PRINCE SERIES,Visually Verified,Visually Verified,VERIFIED,
rolf,Rolf,rolf,prince,Prince,Standard,VERIFIED (Source),VERIFIED,VERIFIED,NOT_PROVIDED,/images/products/rolf.png,ZEN PRINCE SERIES,Visually Verified,Visually Verified,VERIFIED,
symphony,Symphony,symphony,prince,Prince,Standard,VERIFIED (Source),VERIFIED,VERIFIED,NOT_PROVIDED,/images/products/symphony.png,ZEN PRINCE SERIES,Visually Verified,Visually Verified,VERIFIED,
lancer,Lancer,lancer,prince,Prince,Standard,VERIFIED (Source),VERIFIED,VERIFIED,NOT_PROVIDED,/images/products/lancer.png,ZEN PRINCE SERIES,Visually Verified,Visually Verified,VERIFIED,
zara,Zara,zara,prince,Prince,Standard,VERIFIED (Source),VERIFIED,VERIFIED,NOT_PROVIDED,/images/products/zara.png,ZEN PRINCE SERIES,Visually Verified,Visually Verified,VERIFIED,
zara-without-arms,Zara without arms,zara-without-arms,prince,Prince,Standard,VERIFIED (Source),VERIFIED,VERIFIED,NOT_PROVIDED,/images/products/zara-without-arms.png,ZEN PRINCE SERIES,Visually Verified,Visually Verified,VERIFIED,
oxy,Oxy,oxy,prince,Prince,Standard,VERIFIED (Source),VERIFIED,VERIFIED,NOT_PROVIDED,/images/products/oxy.png,ZEN PRINCE SERIES,Visually Verified,Visually Verified,VERIFIED,
finista,Finista,finista,prince,Prince,Standard,VERIFIED (Source),VERIFIED,VERIFIED,NOT_PROVIDED,/images/products/finista.png,ZEN PRINCE SERIES,Visually Verified,Visually Verified,VERIFIED,
ethan,Ethan,ethan,prince,Prince,Standard,VERIFIED (Source),VERIFIED,VERIFIED,NOT_PROVIDED,/images/products/ethan.png,ZEN PRINCE SERIES,Visually Verified,Visually Verified,VERIFIED,
antonia,Antonia,antonia,prince,Prince,Standard,VERIFIED (Source),VERIFIED,VERIFIED,NOT_PROVIDED,/images/products/antonia.png,ZEN PRINCE SERIES,Visually Verified,Visually Verified,VERIFIED,
mackanzy,Mackanzy,mackanzy,prince,Prince,Standard,VERIFIED (Source),VERIFIED,VERIFIED,NOT_PROVIDED,/images/products/mackanzy.png,ZEN PRINCE SERIES,Visually Verified,Visually Verified,VERIFIED,
mustang,Mustang,mustang,prince,Prince,Standard,VERIFIED (Source),VERIFIED,VERIFIED,NOT_PROVIDED,/images/products/mustang.png,ZEN PRINCE SERIES,Visually Verified,Visually Verified,VERIFIED,
maharaja,Maharaja,maharaja,prince,Prince,Standard,VERIFIED (Source),VERIFIED,VERIFIED,NOT_PROVIDED,/images/products/maharaja.png,ZEN PRINCE SERIES,Visually Verified,Visually Verified,VERIFIED,
